"","titulo","precio","lugar","dimensiones_m2","habitaciones","baños","amueblado","parking","trastero","balTerraza","caracteristicas A","caracteristicas B","descripcion"
"1","Estudio en Alquiler en Tomelloso, Ciudad Real Ref: 669AF","350","Tomelloso","60","1","1",1,0,0,0,"Amueblado
Cocina equipada
Aire acondicionado","Ascensor
Jardín","REFERENCIA: 669AF En alquiler apartamento recién renovado, con muebles a estrenar. Consta de cocina equipada, 1 habitación, 1 baño y salón. En el centro de Tomelloso. Primera planta con ascensor. Se requiere persona con trabajo y contrato con un mínimo de un año. No se admiten mascotas."
"2","Alquiler piso aire acondicionado Ref: 0413","275","Pozuelo de Calatrava","116","2","1",1,0,0,0,"Amueblado
Cocina equipada
Aire acondicionado","Entre 10 y 20 años de antigüedad","PISO DE DOS DORMITORIOS CON PLAZA DE GARAJE. Excelente ubicación en Pozuelo de Calatrava, a escasos metros del colegio y muy cerca del centro. A tan solo 10 minutos de Ciudad Real. La vivienda consta de 65 metros. Dispone de 2 amplios dormitorios, todos con muy buena iluminación natural. Espacioso salón exterior a la calle con cocina americana, y un baño completo. Posibilidad de plaza de garaje, precio aparte. El inmueble se distribuye en una comunidad de vecinos cuidada y mantenida hasta el último detalle. Dispone de ascensor, piscina y zona de recreo. Excelentes calidades; ventanas climalit, mosquiteras, cocina amueblada, aire acondicionado? Si busca piso amplio de dos dormitorios, con buenas calidades, plaza de garaje? en Pozuelo, no deje pasar esta oportunidad. Mejor ver. Te ayudamos a encontrar la vivienda que buscas y te asesoraremos en todo el proceso de compra. Si quieres un estudio detallado de los gastos de compraventa, pídelo sin compromiso."
"3","Piso en Alquiler en Tomelloso, Ciudad Real Ref: 667CA","460","Tomelloso","90","3","2",0,0,0,0,"Cocina equipada
Aire acondicionado","Ascensor
Jardín","REFERENCIA: 667CA Se alquila piso céntrico en Tomelloso, Ciudad Real. Está situado en zona de calle Hidalgo, muy próximo a Plaza de España y con excelente comunicación en cualquier sentido dentro de la ciudad. Tiene una superficie de 90 m2, que distribuyen 3 dormitorios 2 dobles con cama de matrimonio, 2 baños completos uno en suite, una gran cocina, salón, lavadero y plaza de garaje opcional. PRECIO CON PLAZA DE GARAJE: 500 mes."
"4","Alquiler piso ascensor Centro Ref: 23015b - ALQUILER PISO 1º MAYO","600","Centro - Puertollano","122","6","2",0,0,0,1,"Terraza","Amueblado
Cocina equipada
Aire acondicionado","Se alquila piso en Zona Centro, en muy buen estado. El piso, se compone de 3 dormitorios, salón, cocina, un baño y un aseo. Tiene balcón con unas magníficas vistas y un pequeño lavadero. El suelo es de gres, y el cerramiento de ventanas es de aluminio. Está cerca de comercios, colegios y centro de salud. Dispone de calefacción central."
"5","Obra nueva. Alquiler en paseo san gregorio Ref: 2017146","500","Centro - Puertollano","100","3","2",0,0,0,1,"Balcón","Amueblado
Cocina equipada
Aire acondicionado","Obra nueva, con excelentes calidades y acabados, situado en el centro de Puertollano, balcón exterior con vistas al Paseo San Gregorio. de Puertollano. La vivienda cuenta con tres dormitorios y dos baños y cocina independiente del salón, con tendedero cubierto. La vivienda se encuentra totalmente amueblada con calefacción individual de gas natural, aire acondicionado de frío y calor en el salón y doble acristalamiento en las ventanas. Edificio con ascensor y la comunidad está incluida en el precio. GESTIONA REAL ESTATE te ofrece todos los servicios necesarios para que puedas alquilar y vender tu inmueble en el menor tiempo posible, maximizamos tu tiempo y tu rentabilidad EXPERIENCIA real de muchos años, trabajo transparente y serio. La felicidad con nuestros clientes y la excelencia en nuestro trabajo es la garantía de tu éxito. Si podemos AYUDARLE en algo consulte sin compromiso, nos adaptamos a sus necesidades. Sin moverte de casa! Aprovecha nuestras visitas virtuales y videollamadas y podrás ver la vivienda en directo. ¡BIENVENIDO A LA DIFERENCIA! ""Más info en www.gestionarealestate.es o en el teléfono 926415076."
"6","Piso en Alquiler en Tomelloso, Ciudad Real Ref: 666B0","445","Tomelloso","90","3","2",1,0,0,0,"Amueblado
Cocina equipada
Aire acondicionado","Ascensor
Jardín
Piscina","REFERENCIA: 666B0 Se alquila piso amueblado de 3 habitaciones, 2 baños, salón y cocina con solana. El piso está en un residencial con piscina comunitaria. Tiene balcón y terraza con vistas a la piscina y jardines. Consta de calefacción de gas natural"
"7","Piso en Alquiler en Tomelloso, Ciudad Real Ref: 65EA1","450","Tomelloso","120","4","2",0,0,1,1,"Balcón
Trastero","Cocina equipada","REFERENCIA: 65EA1 Se alquila piso en zona céntrica de Tomelloso. Amplio piso de 150 metros con 4 habitaciones, 2 baños, salón, cocina, patio, terraza a la calle. Vivienda amueblada con plaza de garaje, incluyendo en el precio la comunidad, basura y agua. Requisitos para alquilar: solvencia demostrable, mes fianza, mes curso, medio mes honorarios de inmobiliaria."
"8","Casa en Alquiler en Tomelloso, Ciudad Real Ref: 661D9","550","Tomelloso","126","3","1",0,0,1,1,"Balcón
Trastero","Cocina equipada","REFERENCIA: 661D9 Se alquila casa de 150 m2 con vivienda en planta baja. Excelentemente ubicada se distribuye en un gran salón, cocina a estrenar, 3 habitaciones, 1 baño y 1 aseo. También dispone de patio y garaje privado. En la parte superior encontramos una preciosa cocinilla con chimenea y una enorme terraza. Recién reformada completamente, en encuentra sin estrenar. Cuenta con calefacción de gasoil y ventanas de doble acristalamiento, así como zona de calderas y de almacenaje. El inmueble hace esquina, lo que le permite ser muy luminoso. Se encuentra en una fantástica zona, próxima a Juan Carlos I, por lo que está muy bien comunicada y al alcance de todos los servicios de los que la ciudad dispone."
"9","Piso en Alquiler en Tomelloso, Ciudad Real Ref: 663D1","450","Tomelloso","85","2","2",0,0,0,1,"Balcón","Cocina equipada","REFERENCIA: 663D1 Piso en alquiler en Avenida Antonio Huertas. El inmueble tiene una superficie de 90 m2 distribuidos en salón, cocina, 2 habitaciones, 2 baños, cuarto de desahogo y terraza. Disfruta de plaza de garaje y piscina comunitaria. Está ubicado en una de las arterias más importantes de la ciudad, perfectamente comunicada y llena de vida."
"10","Piso en Alquiler en Puertollano, Ciudad Real Ref: 35255","350","Pau 2 - 600 - Puertollano","72","3","1",0,0,0,1,"Balcón","Amueblado
Cocina equipada","REFERENCIA: 35255 Alquiler Piso. Exterior. La vivienda cuenta con tres Dormitorios amueblados. Armario empotrado. Salón Comedor con bomba de AA, Cocina completamente amueblada y equipada. Dos Terrazas, la destinada a lavadero acristalada. Baño con ducha mampara. Calefacción individual de gas natural. Próxima a Colegios, Institutos....Para concertar visita y para más información le atendemos en nuestra oficina Adaix Puertollano Plaza de la Constitución, 9."
"11","Alquiler piso ascensor Tomelloso Ref: 15316","350","Tomelloso","42","1","1",0,0,0,0,"Cocina equipada","Entre 10 y 20 años de antigüedad","Piso en alquiler situado muy cerca de la Calle Don Víctor Peñasco, una ubicación ideal ya que múltiples y diversos servicios quedan un solo paso. La vivienda cuenta con 33m2 útiles quedando distribuidos en: salón-comedor. Cocina amueblada. Un dormitorio doble y un baño completo con plato de ducha y ventana. El piso está en perfecto estado, ha sido reformado recientemente y cuenta con calidades como suelos de gres, ventanas de aluminio lacado, puertas de roble, calefacción de gas natural, mobiliario salón nuevo, etc. No dude en solicitar información y venga a verla sin ningún tipo de compromiso. Si quiere conocer más inmuebles como este no deje de visitar nuestros perfiles en redes sociales: Gfima Inmobiliaria o nuestra página web: www.gfima.es Lo que más amo de mi casa es con quien la comparto. Compártela con nosotros."
"12","Alquiler de Duplex en calle Real Ref: 103069392","550","Santa María - Ciudad Real","87","0","1",0,1,0,0,"Parking","Amueblado
Cocina equipada
Calefacción gas natural","DUPLEX EN ALQUILER. LARGA DURACION Inmobiliaria La Mayor pone a su disposicion un Duplex de 87 m2 construidos. La vivienda esta en buen estado, es interior pero cuenta con mucha iluminacion Caracteristicas del piso - 2 habitaciones - 1 Bano completo -Cocina - Salon -Calefaccion individual de gas natural - PLAZA DE GARAJE INCLUIDA EN EL PRECIO - No se admiten mascotas. Precioso piso, buena ubicacion, muy cerca del prado. Te interesa? No dudes en contactar con nuestra inmobiliaria, nos puedes encontrar en la Plaza Mayor de Ciudad Real."
"13","Alquiler de Piso en Plaza de Toros Ref: 103135153","500","El Perchel-Puerta de Toledo-Atalaya - Ciudad Real","75","0","1",0,1,0,0,"Parking","Amueblado
Cocina equipada
Calefacción gas natural","PUERTA DE TOLEDO Coqueto piso de dos habitaciones, bano, cocina y salon. Muy bien situado, cerca de la Universidad, colegios, parques, Mercadona, centro de salud, restaurantes, parking gratuito y a 5 minutos del centro de Ciudad Real. Imprescindible contrato de trabajo, NO DEJES PASAR LA OPORTUNIDAD! Te damos toda la informacion y te lo ensenamos en Inmobiliaria La Mayor, estamos en la Plaza del Ayuntamiento debajo del reloj Carrillon."
"14","Alquiler piso Almagro Ref: 94316643","450","Almagro","111","3","1",0,0,0,0,"Cocina equipada","","Housfy alquila piso en Almagro, una vivienda luminosa y ubicada en un entorno idóneo para disfrutarlo. Sus 111 m2 están perfectamente distribuidos, creando un amplio y abierto espacio con mucha luz y con un diseño muy especial. Características: - Estupendo piso de 111 m2 en Almagro. (Los metros cuadrados están verificados con la Dirección General de Catastro) - La vivienda dispone de 3 habitaciones y 1 baño, para familias completas. - Maravilloso comedor que te proporcionará el relax diario, un lugar perfecto para descansar en los ratos libres. - Posibilidad de incluir los muebles. - Exterior. - Cocina totalmente equipada con todo lo necesario. - Disfruta de la opción de armario empotrado. - Un mes de fianza más dos meses de garantía adicional. Sobre la ubicación, si escoges este barrio para vivir tendrás todos los servicios esenciales que necesitarás para tu nueva vida. A escasos metros encontramos: centros educativos, centros de salud, parques, equipamientos deportivos y supermercados, farmacias, entre otros. No lo dudes más y contacta con nosotros para agendar una visita, conseguiremos la vivienda de tus sueños. Sobre nosotros:Housfy es una plataforma tecnológica que ofrece al propietario/a todos los servicios necesarios para que pueda alquilar la propiedad por su cuenta. Para más información, visítenos en housfy. com. AICAT número: 7922."
"15","Ref. B173 coqueto apartamento - zona abulagar Ref: REF.B173","350","El Poblado - Abulagar - Puertollano","80","2","1",1,0,0,0,"Amueblado
Cocina equipada","En buen estado","CASAINNOVA GESTIÓN INMOBILIARIA ALQUILA fabuloso apartamento en zona Abulagar, próximo a diversos puntos de interés (restaurantes, farmacias, colegios, plazas...) y bien comunicado con el centro. La vivienda se compone de acogedor salón, dos dormitorios, baño con plato de ducha y cocina independiente con acceso a patio privativo. Mejor ver. Solicite su visita sin compromiso. Le atendemos en calle Ancha 10 de Puertollano o a través de los teléfonos 926 423 223/657 692 599."
"16","Alquiler piso ascensor y aire acondicionado Ref: C0141-00084","3.200","Alcazar de San Juan","140","3","1",0,0,0,0,"Cocina equipada
Aire acondicionado","En buen estado
Más de 30 años de antigüedad","Century 21 Èlite ofrece en alquiler un estupendo Àtico en Recoletos. La vivienda se encuentra en un edificio del 1920, al lado de muchos colegios, supermercados y transportes. Tiene tres habitaciones, tres baños, una cocina, un comedor y un salón con terraza. Esta disponible a partir de enero. Disfruta de esta oportunidad y llama para visitarlo."
"17","Alquiler piso aire acondicionado y ascensor Ref: C0141-00085","2.800","Alcazar de San Juan","140","3","2",0,0,0,0,"Cocina equipada
Aire acondicionado","En buen estado
Más de 30 años de antigüedad","Century 21 Èlite ofrece en alquiler un estupendo piso en Recoletos. La vivienda se encuentra en la primera planta en un edificio del 1920, al lado de muchos colegios, supermercados y transportes. Tiene tres habitaciones, dos baños, una cocina, un comedor y un salón con terraza. Disfruta de esta oportunidad y llama para visitarlo."
"18","Piso en Alquiler en Tomelloso, Ciudad Real Ref: 669BC","450","Tomelloso","90","3","2",1,0,0,0,"Amueblado
Cocina equipada
Aire acondicionado","Ascensor
Jardín","REFERENCIA: 669BC Adaix Tomelloso alquila piso amueblado de 90 metros en Avenida Antonio Huertas, zona de restaurantes, supermercados, farmacias y ocio. Dispone de 3 habitaciones amplias con armarios empotrados, 2 baños completos, uno en habitación principal. Amplio salón con vistas a Avda. Antonio Huertas, Cocina totalmente equipada incluyendo horno y lavavajillas con salida a una solana donde se encuentra la lavadora. Vivienda con ascensor y plaza de garaje incluida en el precio. No se aceptan mascotas. Se requiere contrato laboral y nóminas para demostrar solvencia."
"19","Alquiler de Duplex en Compas Santo Domingo s/n Ref: 102971968","825","Centro - El Pilar - Ciudad Real","145","0","2",0,1,0,0,"Parking","Amueblado
Cocina equipada
Calefacción gas natural","Vivienda de Cuatro Dormitorios, con plaza de garaje y trastero junto al centro de la Ciudad. La vivienda destaca por su amplitud y luminosidad, esta distribuida en dos plantas comunicadas con una amplia escalera. En planta primera disponemos de amplio recibidor, con armario empotrado forrado en su interior, salon, cocina amplia amueblada con lavadero acristalado, bano con plato de ducha y dormitorio con armario empotrado forrado en su interior. En planta segunda encontramos armario empotrado en hall distribuidor, tres dormitorios amplios, todos con armarios empotrado forrado en su interior, bano con banera. Ademas dispone de terraza accesible desde dos de los dormitorios. Periodo minimo de alquiler 1 ano, no se alquila por periodos inferiores a un ano. Se requieren ingresos demostrables superiores a 1.800. No se admiten animales de compania. Edificio totalmente accesible, ascensor seis plazas, plaza de garaje amplia, trastero, ect. Vivienda muy bien ubicada, cerca de colegios, supermercados, parques y estupenda comunicacion. Excelentes calidades, alicatados de primera calidad, calefaccion individual por gas natural, doble ventana, parquet de madera natural, pintura lisa, mosquiteras, puertas macizas lacadas en color roble, aire acondicionado, toldo, seis armarios empotrados forrados en su interior, ect. Mejor ver. Es una excelente oportunidad. Consulte condiciones. Despreocupese de papeleos. En Gestion Inmobiliaria Cepeda, asesoramos y facilitamos todos los tramites a seguir en la compra-venta y alquiler de su inmueble vivienda, incluyendo si desea el estudio hipotecario en distintas entidades, sin costes de gestion alguno por su parte. Para mas informacion puede visitar nuestra pagina web: gestioncepeda. com."
"20","Alquiler de Piso en La Moreria Ref: 102989055","595","Santa María - Ciudad Real","80","0","2",0,1,0,0,"Parking","Amueblado
Cocina equipada
Calefacción gasoil","DISPONIBLE A FINALES DE NOVIEMBRE, SOLO SE ADMITE UNA PERSONA PISO EN ALQUILER ZONA MORERIA con CALEFACCION INCLUIDA! Dos dormitorios, dos banos, cocina con tendedero y salon, todo exterior, muy luminoso Con plaza de GARAJE incluida en el precio en un bloque al lado. No dejes pasar la oportunidad, ven a Inmobiliaria La Mayor y te lo ensenamos, estamos en la Plaza del Ayuntamiento debajo del reloj Carrillon."
"21","Alquiler casa Las mercedes - el carmen Ref: 94253529","390","Las Mercedes - El Carmen - Puertollano","145","4","1",0,0,0,0,"Cocina equipada","","Housfy alquila casa en Puertollano, un espacio para disfrutar en tu día a día. Construida en 1977 en Las Mercedes - El Carmen. Sus 145 m2 están perfectamente distribuidos, creando un amplio y abierto espacio con mucha luz y con un diseño muy especial. Características: - Fenomenal casa de 145 m2 en Las Mercedes - El Carmen. (Los metros cuadrados están verificados con la Dirección General de Catastro) - La vivienda dispone de 4 habitaciones y 1 baño, para familias completas. - Amplio comedor y luminosa, donde disfrutar de tu familia. - Una puerta blindada para garantizar su seguridad en todo momento. - Exterior. - Trastero. - Terraza. - Aire acondicionado y calefacción. - Cocina totalmente equipada con todo lo necesario. - Jardín privado. - Un mes de fianza más dos meses de garantía adicional. Sobre la ubicación, si escoges este barrio para vivir tendrás todos los servicios esenciales que necesitarás para tu nueva vida. A escasos metros encontramos: centros educativos, centros de salud, parques, equipamientos deportivos y supermercados, farmacias, entre otros. No lo dudes más y contacta con nosotros para agendar una visita, conseguiremos la vivienda de tus sueños. Sobre nosotros:Housfy es una plataforma tecnológica que ofrece al propietario/a todos los servicios necesarios para que pueda alquilar la propiedad por su cuenta. Para más información, visítenos en housfy. com. AICAT número: 7922."
"22","Ref. B169 se alquila piso económico en almodóvar del campo Ref: REF.B169","300","Almodovar del Campo","80","3","2",0,0,0,1,"Balcón","Amueblado
Cocina equipada","CASAINNOVA GESTIÓN INMOBILIARIA, alquila piso económico en Almodóvar del Campo. La vivienda consta de tres dormitorios, un baño con bañera y un aseo, amplio salón muy luminoso, cocina con mobiliario actual en muy buen estado, equipada con todos los electrodomésticos necesarios. Solicite información en C/ Ancha, 10. Teléf. 926 423 223- Móvil 657 692 599."
"23","Alquiler de Duplex en El Torreon - Los Angeles - El Pilar Ref: 90528162","825","Centro - El Pilar - Ciudad Real","170","0","2",0,1,0,0,"Parking","Amueblado
Cocina equipada
Calefacción gas natural","Oportunidad de alquiler para familias! Inmobiliaria La Mayor pone a su disposicion este maravilloso duplex en alquiler de 146 metros cuadrados utiles. El inmueble se distribuye de la siguiente forma: en la planta baja podemos encontrar una amplia cocina completamente amueblada y equipada, acompanada ademas de un lavadero. Encontramos tambien uno de los dos banos, un amplio salon y una habitacion, la cual se encuentra equipada para hacer la funcion tanto de salon secundario o dormitorio. En la segunda planta encontramos, el dormitorio principal, el segundo bano y otros dos dormitorios mas, uno de ellos equipado como despacho. Por ultimo se dispone de una terracota de 7 metros cuadrados, la cual se encuentra equipada con un toldo practicamente a estrenar. Hay armarios empotrados en todas las habitaciones y dos mas adicionales, uno de ellos muy grande (podria ser un pequeno trastero). El inmueble cuenta con aire acondicionado en el salon y en dos dormitorios. La calefaccion es individual de Gas Natural y los suelos son de parquet. Es muy luminoso ya que practicamente todas las dependencias son exteriores. Estas interesado? No dudes en ponerte en contacto con nosotras, estaremos encantadas de atenderte. Nos puedes encontrar en La Plaza Mayor, debajo del reloj Carrillon. Este duplex esta amueblado y decorado con mucho gusto, completamente equipado y con buenas calidades."
"24","Ref. B172 se alquila amplio piso céntrico Ref: REF.B172","430","Centro - Puertollano","90","4","1",0,0,1,1,"Balcón
Trastero","Amueblado
Cocina equipada","CASAINNOVA GESTIÓN INMOBILIARIA ALQUILA magnífico piso reformado en zona próxima a estación de Renfe y rodeado de todos los servicios. La vivienda se compone de tres dormitorios (el principal con A/A y los otros dos habilitados con dos camas), despacho, baño completo con bañera, cocina independiente totalmente equipada con terraza-lavadero y despensa, amplio salón con A/A y terraza exterior y trastero en el pasillo. Calefacción de gas natural. Mejor ver. Le informamos en calle Ancha 10 de Puertollano (Ciudad Real) y a través de los teléfonos 926 423 223/657 692 599."
"25","Alquiler casa terraza Ctra de córdoba - libertad Ref: 23110b","590","Ctra De Córdoba - Libertad - Puertollano","130","8","1",0,0,0,1,"Terraza","Amueblado
Cocina equipada","Se vende o alquila estupenda casa recién reformada, ideal para familias con niños, ya que esta situada en una zona muy tranquila a dos pasos del centro dela ciudad. Esta situada en la parte norte del barrio de Cañamares, y dispone de 4 dormitorios y 1 baño. La cocina esta en muy buenas condiciones y todas las estancias son super amplias. La casa, que esta construida en dos plantas, tiene un patio super amplio que cuenta con un porche y una cocina campera con barbacoa. En total, hay más de 110 metros construidos, de un total de parcela de 250 metros cuadrados. La cocina tiene todo lo que puedas pedir, horno y microondas encastrado en los muebles, con vitrocerámica y fregadero con dos senos. SE VENDE POR 110.000 EUR."
"26","Ref. B171 se alquila piso Ref: REF.B171","350","Pau 2 - 600 - Puertollano","80","3","1",1,0,0,0,"Amueblado
Cocina equipada","En buen estado","CASAINNOVA GESTIÓN INMOBILIARIA alquila excelente piso en edificio con ascensor en zona PAU II de Puertollano, muy bien comunicado y próximo a todos los puntos de interés (supermercados, colegios, plazas..). La vivienda se compone de tres dormitorios (uno de ellos habilitado como salita), acogedor salón con A/A, cocina office independiente, y baño completo con plato de ducha. Solicite su visita sin compromiso. Le atendemos en calle Ancha 10 o a través de los teléfonos 926 423 223/657 692 599."
"27","Piso en Alquiler en Puertollano, Ciudad Real Ref: 6689A","375","El Poblado - Abulagar - Puertollano","46","1","1",1,0,0,0,"Amueblado
Cocina equipada
Aire acondicionado","Jardín","REFERENCIA: 6689A Alquiler Apartamento Zona Centro. Exterior. Primera planta baja. Vivienda de un Dormitorio con amplio armario empotrado, Salón Comedor, Cocina completamente amueblada. Baño con bañera. Calefacción incluida en la mensualidad. Próximo a todos los servicios Supermercados, Institutos, Centro Salud.... No se admiten mascotas. Para más información y concertar visitas le atendemos en ADAIX PUERTOLLANO Plaza de la Constitución, 9."
"28","Piso de tres dormitorios y dos baños Ref: 2017336","600","Ctra De Córdoba - Libertad - Puertollano","95","3","2",0,0,0,1,"Terraza","Amueblado
Cocina equipada
Aire acondicionado","PISO DE TRES DORMITORIOS Y DOS BAÑOS Zona centro de Puertollano. La vivienda se encuentra amueblada y se distribuye en tres dormitorios con armario empotrado en el dormitorio principal, dos baños, cocina equipada con electrodomésticos incluido lavavajillas y lavadero acristalado, y salón que cuenta con aire acondicionado de frío y calor y una terraza. Calefacción individual de gas natural, edificio con ascensor. GESTIONA REAL ESTATE te ofrece todos los servicios necesarios para que puedas alquilar y vender tu inmueble en el menor tiempo posible, maximizamos tu tiempo y tu rentabilidad EXPERIENCIA real de muchos años, trabajo transparente y serio. La felicidad con nuestros clientes y la excelencia en nuestro trabajo es la garantía de tu éxito. Si podemos AYUDARLE en algo consulte sin compromiso, nos adaptamos a sus necesidades. Sin moverte de casa! Aprovecha nuestras visitas virtuales y videollamadas y podrás ver la vivienda en directo. ¡BIENVENIDO A LA DIFERENCIA! ""Más info en www.gestionarealestate.es o en el teléfono 926415076."
"29","Obra nueva Ref: 2017133","500","Ctra De Córdoba - Libertad - Puertollano","92","3","2",1,0,0,0,"Amueblado
Cocina equipada
Aire acondicionado","Ascensor","Piso de obra nueva, en el centro de puertollano, a pocos metros del paseo, , exterior con mucha luz natural. Piso amueblado con muebles nuevos, cuenta con tres dormitorios y dos baños, cocina equipada con todos los electrodomésticos incluido lavavajillas y amplio salón. Con calefacción individual de gas natural. Aire acondicionado de frío y calor. Edificio con ascensor. Comunidad incluida en el precio. GESTIONA REAL ESTATE te ofrece todos los servicios necesarios para que puedas alquilar y vender tu inmueble en el menor tiempo posible, maximizamos tu tiempo y tu rentabilidad EXPERIENCIA real de muchos años, trabajo transparente y serio. La felicidad con nuestros clientes y la excelencia en nuestro trabajo es la garantía de tu éxito. Si podemos AYUDARLE en algo consulte sin compromiso, nos adaptamos a sus necesidades. Sin moverte de casa! Aprovecha nuestras visitas virtuales y videollamadas y podrás ver la vivienda en directo. ¡BIENVENIDO A LA DIFERENCIA! ""Más info en o en el teléfono 926415076."
"30","Alquiler piso aire acondicionado Centro Ref: 2017083","375","Centro - Puertollano","52","1","1",1,0,0,0,"Amueblado
Cocina equipada
Aire acondicionado","Ascensor","Apartamento con pocos años de construcción, en el centro de Puertollano, a pocos metros del paseo, interior a un patio de luces amplio y que permite que entre bastante luz lo que lo hace muy luminoso, en calle peatonal, a menos de 5 minutos a pie del paseo y ayuntamiento. La vivienda dispone de un dormitorio y un baño con ducha de hidromasaje. La vivienda se encuentra totalmente amueblada. Calefacción individual, aire acondicionado. Edificio con ascensor. Comunidad incluida en el precio. No lo dude y visite. GESTIONA REAL ESTATE te ofrece todos los servicios necesarios para que puedas alquilar y vender tu inmueble en el menor tiempo posible, maximizamos tu tiempo y tu rentabilidad EXPERIENCIA real de muchos años, trabajo transparente y serio. La felicidad con nuestros clientes y la excelencia en nuestro trabajo es la garantía de tu éxito. Si podemos AYUDARLE en algo consulte sin compromiso, nos adaptamos a sus necesidades. Sin moverte de casa! Aprovecha nuestras visitas virtuales y videollamadas y podrás ver la vivienda en directo. ¡BIENVENIDO A LA DIFERENCIA! ""Más info en www.gestionarealestate.es o en el teléfono 926415076."
"31","¡Gran Oportunidad de Alquiler en el Centro de Puertollano! Ref: 2017933","375","El Poblado - Abulagar - Puertollano","60","1","1",1,0,0,0,"Amueblado
Cocina equipada","","Te presentamos esta acogedora vivienda en el corazón del centro de Puertollano. Esta propiedad ofrece comodidad y conveniencia en un lugar privilegiado, y la calefacción está incluida en el precio, brindándote una gran ventaja en los meses más fríos. La vivienda consta de un dormitorio, lo que la convierte en una elección ideal para parejas o personas solteras que buscan un espacio acogedor. El baño cuenta con una bañera para tu relajación y comodidad. La cocina está totalmente equipada con todo lo que necesitas para cocinar tus comidas, lo que te ahorra tiempo y esfuerzo. Además, el piso se entrega completamente amueblado, lo que significa que puedes mudarte de inmediato sin preocuparte por la decoración. La ubicación en el centro de Puertollano te brinda acceso a una amplia variedad de servicios, tiendas y restaurantes, lo que facilita tu vida diaria y te ofrece muchas opciones de entretenimiento. GESTIONA REAL ESTATE te ofrece todos los servicios necesarios para que puedas alquilar y vender tu inmueble en el menor tiempo posible, maximizamos tu tiempo y tu rentabilidad EXPERIENCIA real de muchos años, trabajo transparente y serio. La felicidad con nuestros clientes y la excelencia en nuestro trabajo es la garantía de tu éxito. Si podemos AYUDARLE en algo consulte sin compromiso, nos adaptamos a sus necesidades. Sin moverte de casa! Aprovecha nuestras visitas virtuales y videollamadas y podrás ver la vivienda en directo. ¡BIENVENIDO A LA DIFERENCIA! ""Más info en www.gestionarealestate.es o en el teléfono 926415076."
"32","Alquiler piso ascensor Centro Ref: 2017126","650","Centro - Puertollano","115","4","2",1,0,0,0,"Amueblado
Cocina equipada","Ascensor","IDEAL ESTUDIANTES. CALEFACCIÓN+COMUNIDAD INCLUIDA EN EL PRECIO. Piso completamente amueblado en el Paseo San Gregorio con excelentes vistas. Inmueble con cuatro dormitorios, dos baños ambos con bañera, salón con balcón exterior con terraza, cocina equipada con lavadero. Piso con calefacción central y comunidad, ambas incluida en el precio. La vivienda cuenta con suelo de parquet, ventanas de aluminio.. . Edificio con ascensor. GESTIONA REAL ESTATE te ofrece todos los servicios necesarios para que puedas alquilar y vender tu inmueble en el menor tiempo posible, maximizamos tu tiempo y tu rentabilidad EXPERIENCIA real de muchos años, trabajo transparente y serio. La felicidad con nuestros clientes y la excelencia en nuestro trabajo es la garantía de tu éxito. Si podemos AYUDARLE en algo consulte sin compromiso, nos adaptamos a sus necesidades. Sin moverte de casa! Aprovecha nuestras visitas virtuales y videollamadas y podrás ver la vivienda en directo. ¡BIENVENIDO A LA DIFERENCIA! ""Más info en www.gestionarealestate.es o en el teléfono 926415076."
"33","Ref. A618 se alquila piso amueblado Ref: REF.A618","400","Ctra De Córdoba - Libertad - Puertollano","90","3","1",0,0,0,1,"Terraza","Amueblado
Cocina equipada
Calefacción","Se alquila vivienda en C/ Gran Capitán, zona centro, a 2 min del Paseo San Gregorio, junto a todo tipo de servicios, se compone de 3 amplios dormitorios, 1 cuarto de baño con bañera, suelo de tarima, cocina equipada (horno, microondas, placa de gas...), terraza cerrada lavadero, amplio salón con terraza, calefacción gas natural individual, edificio con ascensor. CONTACTO: *657*692*599* // *926*423*223*."
"34","Piso de 2 dormitorios con garaje incluido en ciudad real Ref: 1041ACR","700","Centro - El Pilar - Ciudad Real","80","2","1",0,1,0,0,"Parking","Amueblado
Cocina equipada","Te presentamos este excepcional piso recién reformado en Calle Bernardo Mulleras, ubicado en el corazón de Ciudad Real. Este hogar ofrece la combinación perfecta de comodidad y estilo, en una ubicación inmejorable. El piso ha sido completamente renovado, brindándote un espacio moderno y acogedor para vivir. Cuenta con todas las comodidades que necesitas para disfrutar de la vida urbana en su máxima expresión. En su interior, encontrarás una cocina equipada con electrodomésticos y mobiliario nuevos de alta calidad. La calefacción por conducto mantendrá tu hogar cálido durante los meses más fríos, mientras que los amplios ventanales permiten que la luz natural inunde cada rincón del espacio. Este piso es especialmente luminoso y se encuentra en pleno centro de Ciudad Real, cerca de tiendas, restaurantes, parques y todas las comodidades que la ciudad tiene para ofrecer. Además, cuenta con ascensor y garaje incluido, lo que hace que tu vida diaria sea aún más cómoda. El alojamiento se distribuye en 2 dormitorios espaciosos, con armarios empotrados de gran capacidad para un almacenamiento conveniente y organizado. El cuarto de baño cuenta con una bañera y una mampara elegante y funcional. El precio de alquiler es de 700 euros al mes, con el garaje incluido en el precio. Si desea más información o consultar otros inmuebles visite nuestra web Gestionarealestate. es."
"35","¡Gran Oportunidad! Piso Totalmente Reformado en Calle Pedrera Baja, Ciudad Real Ref: 1042ACR","880","Santa María - Ciudad Real","80","4","2",1,0,0,0,"Amueblado
Cocina equipada
Aire acondicionado","","¡Gran Oportunidad! Piso Totalmente Reformado en Calle Pedrera Baja, Ciudad Real Te presentamos una verdadera joya en Calle Pedrera Baja, Ciudad Real. Este piso totalmente reformado combina a la perfección el confort y la ubicación conveniente, ofreciéndote un espacio ideal para vivir. Este amplio piso cuenta con cuatro dormitorios, lo que lo convierte en la elección perfecta para una familia grande o para aquellos que deseen tener espacio adicional para oficinas o sala de estudio. La calefacción de gas natural asegura que disfrutes de un ambiente cálido y acogedor en todo momento. El interior de la propiedad ha sido completamente renovado, y se presenta con mobiliario nuevo, lo que significa que puedes mudarte de inmediato sin preocuparte por la decoración. Además, cuenta con un lavadero y un patio privativo, proporcionando un espacio adicional para tus necesidades diarias. La ubicación es inmejorable, ya que se encuentra cerca de la universidad y justo enfrente de un supermercado, lo que facilita tus compras y el acceso a la educación superior. Los armarios empotrados te brindan una solución de almacenamiento conveniente y organizada, y el aire acondicionado asegura tu comodidad durante los días más calurosos. El piso también cuenta con dos baños completos, lo que significa que no tendrás que esperar para utilizar el baño. Si desea más información o consultar otros inmuebles visite nuestra web Gestionarealestate. es."
"36","Ref. B169. Alquiler piso económico en almodóvar del campo. Ref: REF. B169","300","Almodovar del Campo","80","3","2",0,0,0,0,"Cocina equipada","2a planta de 2 plantas
Ascensor","Casainnova Gestión Inmobiliaria, alquila piso económico en Almodóvar del Campo. La vivienda consta de tres dormitorios, un baño con bañera y un aseo, amplio salón muy luminoso, cocina con mobiliario actual en muy buen estado, equipada con todos los electrodomésticos necesarios. Solicite información en C/ Ancha, 10. Teléf. 926 423 223- Móvil 657 692 599."
"37","Casa en alquiler en puertollano Ref: 2017485","500","Centro - Puertollano","136","3","2",0,0,1,0,"Trastero","Amueblado
Cocina equipada
Aire acondicionado","La vivienda consta de 136 metros cuadrados con muy buena ubicación y de las zonas más tranquilas de la localidad. Ubicada en zona centro muy próxima a todo tipo de servicios. Los baños están totalmente completos y la cocina se encuentra completamente amueblada. En la primera planta cuenta con: salita, trastero, salón, patio de unos seis metros cuadrados, cocina y baño. En la segunda planta, se encuentra con baño totalmente completo y tres dormitorios. La casa es exterior y muy luminosa. Calefacción individual. Aire acondicionado. Cocina con vitrocerámica y lavadero cerrado. Suelos de gres. Adaptado completamente a personas de movilidad reducida con silla salva escaleras. GESTIONA REAL ESTATE te ofrece todos los servicios necesarios para que puedas alquilar y vender tu inmueble en el menor tiempo posible, maximizamos tu tiempo y tu rentabilidad EXPERIENCIA real de muchos años, trabajo transparente y serio. La felicidad con nuestros clientes y la excelencia en nuestro trabajo es la garantía de tu éxito. Si podemos AYUDARLE en algo consulte sin compromiso, nos adaptamos a sus necesidades. Sin moverte de casa! Aprovecha nuestras visitas virtuales y videollamadas y podrás ver la vivienda en directo. ¡BIENVENIDO A LA DIFERENCIA! ""Más info en https://gestionarealestate.es/ o en el teléfono 926415076.."
"38","Piso de 3 dormitorios en puertollano Ref: 2017926","450","Centro - Puertollano","80","3","2",1,0,0,0,"Amueblado
Cocina equipada","","Piso de obra nueva de 3 dormitorios, y 2 baños, un baño con bañera y el otro baño con plato de ducha, completamente amueblado. Cocina totalmente equipada. Calefacción individual de Gas Natural. POSIBILIDAD DE GARAJE POR 55? GESTIONA REAL ESTATE te ofrece todos los servicios necesarios para que puedas alquilar y vender tu inmueble en el menor tiempo posible, maximizamos tu tiempo y tu rentabilidad EXPERIENCIA real de muchos años, trabajo transparente y serio. La felicidad con nuestros clientes y la excelencia en nuestro trabajo es la garantía de tu éxito. Si podemos AYUDARLE en algo consulte sin compromiso, nos adaptamos a sus necesidades. Sin moverte de casa! Aprovecha nuestras visitas virtuales y videollamadas y podrás ver la vivienda en directo. ¡BIENVENIDO A LA DIFERENCIA! ""Más info en www.gestionarealestate.es o en el teléfono 926415076."
"39","Piso de 2 dormitorios en ciudad real Ref: 1039ACR","600","Centro - El Pilar - Ciudad Real","80","2","1",1,0,0,0,"Amueblado
Cocina equipada","Ascensor","La vivienda está dotada de muebles de gran calidad y capacidad, también tiene: Conserje, video portero, ascensor, puerta acorazada, tarima flotante, puertas de paso chapadas en roble, aislamientos con doble ventana al exterior y doble acristalado con laminado plástico entre ambos cristales en las ventanas interiores. Es muy luminoso y confortable, no tiene edificios frente a las ventanas que dan al exterior de la calle Maternidad que tiene una anchura de gran amplitud. Es una calle cortada y la circulación de vehículos no se percibe, tampoco tiene ruidos molestos vecinales por lo que toda la estancia resulta muy confortable. GESTIONA REAL ESTATE te ofrece todos los servicios necesarios para que puedas alquilar y vender tu inmueble en el menor tiempo posible, maximizamos tu tiempo y tu rentabilidad EXPERIENCIA real de muchos años, trabajo transparente y serio. La felicidad con nuestros clientes y la excelencia en nuestro trabajo es la garantía de tu éxito. Si podemos AYUDARLE en algo consulte sin compromiso, nos adaptamos a sus necesidades. Sin moverte de casa! Aprovecha nuestras visitas virtuales y videollamadas y podrás ver la vivienda en directo. ¡BIENVENIDO A LA DIFERENCIA! ""Más info en www.gestionarealestate.es o en el teléfono 926415076."
"40","Piso en Alquiler en Tomelloso, Ciudad Real Ref: 6669E","450","Tomelloso","98","3","1",0,0,0,0,"Cocina equipada
Aire acondicionado","Jardín","REFERENCIA: 6669E Se alquila piso amueblado muy céntrico en Tomelloso, Ciudad Real. Está situado próximo a Don Víctor Peñasco y tiene una superficie de 100 m2. que se distribuyen en 3 habitaciones, 1 baño, un amplio salón con balcón, cocina con cuarto de desahogo y garaje. La vivienda se encuentra en perfecto estado, dispone de ventanas de doble acristalamiento, puerta de seguridad y suelos de mármol. El edificio cuenta con ascensor. La plaza de garaje está incluido en el precio."
"41","Alquiler piso ascensor y aire acondicionado Ref: 15200","450","Tomelloso","135","3","2",0,0,0,1,"Balcón","Cocina equipada
Aire acondicionado","Piso en alquiler en una de las mejores zonas de Tomelloso, Paseo San Isidro. Cercano a supermercados, parques, zonas verdes, centros médicos, colegios, zonas de ocio, etc. Cuenta con 123m2 de superficie, divididos en tres habitaciones dobles con armarios empotrados, dos baños, cocina equipada, cuarto de la lavadora y despensa. Un enorme salón con terraza. Lo mejor de todo es que tiene unas calidades excepcionales, parquet de alta calidad y carpintería exterior de aluminio, totalmente climatizado. Aire acondicionado, ascensor y edificio adaptado para minusválidos. A parte dentro del precio del alquiler incluye garaje, y la comunidad. La vivienda está sin amueblar Solicita información sin compromiso y venga a visitarlo sin ningún tipo de compromiso. No pierda la oportunidad de hacer suya esta lujosa vivienda. Para conocer más inmuebles como este visite nuestra página web oficial: www.gfima.es Lo que más amo de mi casa es con quien la comparto. Compártela con nosotros."
"42","Ático de 4 dormitorios y 2 baños. en Almodóvar del campo Ref: 2015456","380","Almodovar del Campo","100","4","2",1,0,0,0,"Amueblado
Cocina equipada
Aire acondicionado","","Ático en Almódovar del campo, exterior, muy luminoso. cuatro dormitorios y dos baños. la vivienda se encuentra totalmente amueblada y equipada, cocina independiente del salón totalmente amueblada y equipada. dos terrazas. calefacción individual. aire acondicionado de frío y calor. posibilidad de alquilar cochera por 40 ? mas. GESTIONA REAL ESTATE te ofrece todos los servicios necesarios para que puedas alquilar y vender tu inmueble en el menor tiempo posible, maximizamos tu tiempo y tu rentabilidad EXPERIENCIA real de muchos años, trabajo transparente y serio. La felicidad con nuestros clientes y la excelencia en nuestro trabajo es la garantía de tu éxito. Si podemos AYUDARLE en algo consulte sin compromiso, nos adaptamos a sus necesidades. Sin moverte de casa! Aprovecha nuestras visitas virtuales y videollamadas y podrás ver la vivienda en directo. ¡BIENVENIDO A LA DIFERENCIA! ""Más info en www.gestionarealestate.es o en el teléfono 926415076."
"43","En venta Piso en Paseo de San Gregorio Ref: 2017915","450","Centro - Puertollano","88","2","2",0,0,0,1,"Balcón
Terraza","Amueblado
Cocina equipada","Acogedor piso en alquiler de dos dormitorios en el corazón de Puertollano. Este luminoso y céntrico apartamento ofrece comodidad y conveniencia. Cuenta con amplias habitaciones, una cocina completamente equipada y un acogedor salón. Además, se encuentra cerca de tiendas, restaurantes y transporte público, lo que facilita la vida diaria. No pierdas la oportunidad de vivir en este encantador piso en una ubicación inmejorable. GESTIONA REAL ESTATE te ofrece todos los servicios necesarios para que puedas alquilar y vender tu inmueble en el menor tiempo posible, maximizamos tu tiempo y tu rentabilidad EXPERIENCIA real de muchos años, trabajo transparente y serio. La felicidad con nuestros clientes y la excelencia en nuestro trabajo es la garantía de tu éxito. Si podemos AYUDARLE en algo consulte sin compromiso, nos adaptamos a sus necesidades. Sin moverte de casa! Aprovecha nuestras visitas virtuales y videollamadas y podrás ver la vivienda en directo. ¡BIENVENIDO A LA DIFERENCIA! ""Más info en www.gestionarealestate.es o en el teléfono 926415076."
"44","Piso en alquiler en paseo san gregorio Ref: 2017816","525","Centro - Puertollano","120","4","2",1,0,0,0,"Amueblado
Cocina equipada","","Gestiona Real Estate le ofrece la oportunidad de un piso de alquiler en Paseo san Gregorio, Puertollano, Ciudad Real. Se trata de un piso de 120 metros cuadrados exterior, muy luminoso, en pleno centro de Puertollano. La vivienda cuenta con 4 amplias habitaciones (una de ellas destinada a despacho), cocina totalmente equipada con electrodomésticos y 2 cuartos de baño completos con plato de ducha. Tiene aire acondicionado. Totalmente reformado, muebles y electrodomésticos a estrenar. GESTIONA REAL ESTATE te ofrece todos los servicios necesarios para que puedas alquilar y vender tu inmueble en el menor tiempo posible, maximizamos tu tiempo y tu rentabilidad EXPERIENCIA real de muchos años, trabajo transparente y serio. La felicidad con nuestros clientes y la excelencia en nuestro trabajo es la garantía de tu éxito. Si podemos AYUDARLE en algo consulte sin compromiso, nos adaptamos a sus necesidades. Sin moverte de casa! Aprovecha nuestras visitas virtuales y videollamadas y podrás ver la vivienda en directo. ¡BIENVENIDO A LA DIFERENCIA!"
"45","Piso de 2 dormitorios en puertollano Ref: 2017923","390","Centro - Puertollano","65","2","1",0,0,0,1,"Terraza","Amueblado
Cocina equipada","Apartamento en calle Santa Ana ascensor de dos dormitorios, un baño y cocina Independiente. Calefacción de Gas Natural. Terraza privada en la 3ª planta. GESTIONA REAL ESTATE te ofrece todos los servicios necesarios para que puedas alquilar y vender tu inmueble en el menor tiempo posible, maximizamos tu tiempo y tu rentabilidad EXPERIENCIA real de muchos años, trabajo transparente y serio. La felicidad con nuestros clientes y la excelencia en nuestro trabajo es la garantía de tu éxito. Si podemos AYUDARLE en algo consulte sin compromiso, nos adaptamos a sus necesidades. Sin moverte de casa! Aprovecha nuestras visitas virtuales y videollamadas y podrás ver la vivienda en directo. ¡BIENVENIDO A LA DIFERENCIA! ""Más info en www.gestionarealestate.es o en el teléfono 926415076."
"46","Piso en Alquiler en Tomelloso, Ciudad Real Ref: 66461","380","Tomelloso","70","2","1",0,0,0,0,"Cocina equipada
Aire acondicionado","Ascensor
Jardín","Referencia: 66461 en alquiler, piso amueblado de dos habitaciones, 1 baño, salón, cocina y balcón. Una vivienda nueva en avenida juan carlos i. Opción de alquilar plaza de garaje en el mismo edificio. El precio con garaje incluido es de 430"
"47","Piso en Almodóvar Ref: 2017872","450","Almodovar del Campo","90","3","1",1,0,0,0,"Amueblado
Cocina equipada","","Piso en Almodóvar. 3 dormitorios 1, baño, calefacción individual de gasoil, plato de ducha. GESTIONA REAL ESTATE te ofrece todos los servicios necesarios para que puedas alquilar y vender tu inmueble en el menor tiempo posible, maximizamos tu tiempo y tu rentabilidad EXPERIENCIA real de muchos años, trabajo transparente y serio. La felicidad con nuestros clientes y la excelencia en nuestro trabajo es la garantía de tu éxito. Si podemos AYUDARLE en algo consulte sin compromiso, nos adaptamos a sus necesidades. Sin moverte de casa! Aprovecha nuestras visitas virtuales y videollamadas y podrás ver la vivienda en directo. ¡BIENVENIDO A LA DIFERENCIA! ""Más info en o en el teléfono 926415076."
"48","Piso en Alquiler en Tomelloso, Ciudad Real Ref: 66596","450","Tomelloso","80","2","1",0,0,0,0,"Cocina equipada
Aire acondicionado","Ascensor
Jardín","REFERENCIA: 66596 Se alquila piso amueblado en Tomelloso . Tiene una superficie de 84 m2, distribuidos en 2 dormitorios, 1 baño, un amplio salón con balcón y cocina. El inmueble dispone de ascensor y plaza de garaje."
"49","Piso en Alquiler en Tomelloso, Ciudad Real Ref: 6619B","450","Tomelloso","80","2","2",0,0,0,0,"Cocina equipada
Aire acondicionado","Jardín","REFERENCIA: 6619B Se alquila estupendo piso amueblado de 2 habitaciones, 2 baños completos, uno en habitación principal. Cocina equipada con todos los electrodomésticos incluido lavavajillas. Suelos de parquet, armarios empotrados, plaza de garaje incluida en el precio. Condiciones: Contrato trabajo, dos últimas nóminas, mes fianza. No se aceptan mascotas"
"50","Estudio en Alquiler en Avenida Antonio Huertas Tomelloso, Ciudad Real Ref: 6651B","350","Tomelloso","60","1","1",1,0,0,0,"Amueblado
Cocina equipada","Ascensor
Jardín","REFERENCIA: 6651B En alquiler apartamento amueblado. Consta de 1 habitación, 1 baño, salón con cocina americana. El inmueble está totalmente amueblado y equipado, incluye una plaza de garaje en el precio. Situado en Avenida Antonio Huertas. Una de las arterias principales de Tomelloso, donde encontrarás restaurantes, cafeterías, supermercados, farmacias, colegios."
"51","Piso en Alquiler en Tomelloso, Ciudad Real Ref: 6649A","400","Tomelloso","80","2","1",0,0,0,1,"Balcón","Cocina equipada
Aire acondicionado","REFERENCIA: 6649A Se alquila piso en Tomelloso, Ciudad Real. Tiene una superficie de 85 m2 que se distribuyen en 2 habitaciones, 1 baño, cocina, salón, una pequeña terraza y balcón. El inmueble es completamente exterior, y dispone de ascensor y plaza de garaje. Está situado en la calle Ángel Izquierdo de Tomelloso, en zona centro, a pocos minutos de Plaza de España y próximo a las Avenidas importantes de la ciudad, teniendo pues una excelente comunicación dentro de la ciudad."
"52","Piso en Alquiler en Almagro Ref: 230805-A","650","Almagro","160","5","2",0,0,0,1,"Terraza","Amueblado
Cocina equipada
Aire acondicionado","Inmobiliaria Doncel, alquila, PISO EN EL CENTRO DE ALMAGRO, sobre parcela de trecientos setenta y un metros cuadrados, se encuentra cercano a comercios, cercano a transporte público, cercano a colegios, cercano al centro, ubicado en planta alta tiene cinco dormitorios y dos baños, un armario empotrado, terraza, la calefacción es eléctrica con bombas de calor, la carpintería exterior interior son de madera, pavimentos cerámicos, incluye garaje y trastero. BUEN ESTADO. ¡¡ Con INMOBILIARIA DONCEL , mayor calidad, mejor servicio, mayor seguridad. Vea su oferta en www.inmobiliariadoncel.com, o contáctenos y le llamamos. !!"
"53","Alquiler casa amueblada terraza Tomelloso Ref: 10747","500","Tomelloso","200","4","1",0,0,1,1,"Balcón
Terraza
Trastero","Amueblado
Cocina equipada","Casa en alquiler cerca de la Avda. Antonio Huertas por lo que múltiples y diversos servicios quedan a un solo paso: cafeterías, colegios, institutos, comercios, etc. Un lugar ideal para los que prefieren tener todo a mano. Cuenta con 160m2 distribuidos en un salón-comedor, cocina amueblada, patio. Cuatro dormitorios, dos baños y un aseo. A parte, también incluye un garaje para dos vehículos. La vivienda se encuentra en un estado óptimo de conservación. Solicite más información y venga a verlo sin compromiso. Si quiere conocer más inmuebles como este no deje de visitar nuestra página web: www.gfima.es Lo que más amo de mi casa es con quien la comparto. Compártela con nosotros."
"54","Ref. B116 se alquila piso planta baja - zona avda 1º de mayo Ref: REF.B116","400","Ctra De Córdoba - Libertad - Puertollano","90","3","1",1,0,0,0,"Amueblado
Cocina equipada","En buen estado","CASAINNOVA GESTIÓN INMOBILIARIA ALQUILA fabuloso piso de planta baja en pleno centro de Puertollano, en zona próxima al centro de salud. El inmueble está situado en una zona tranquila, pero está rodeado de todos los servicios (farmacias, supermercados, comercios...). La vivienda se compone de tres dormitorios, acogedor salón, cocina independiente con patio, y baño completo con bañera. El propietario NO ADMITE MASCOTAS. Le atendemos en calle Ancha 10 de Puertollano, o a través de los teléfonos 926 423 223/657 692 599."
"55","Piso ideal en zona pedrera baja Ref: 324ACR","540","Santa María - Ciudad Real","85","2","1",0,0,0,1,"Terraza","Amueblado
Cocina equipada","Se alquila piso en zona Pedrera Baja. La vivienda está distribuida en salón amplio, terraza, cocina independiente amueblada y equipada, baño completo con bañera, dos dormitorios. Gastos de la comunidad incluidos en el precio. Completamente amueblado y equipado. GESTIONA REAL ESTATE te ofrece todos los servicios necesarios para que puedas alquilar y vender tu inmueble en el menor tiempo posible, maximizamos tu tiempo y tu rentabilidad EXPERIENCIA real de muchos años, trabajo transparente y serio. La felicidad con nuestros clientes y la excelencia en nuestro trabajo es la garantía de tu éxito. Si podemos AYUDARLE en algo consulte sin compromiso, nos adaptamos a sus necesidades. Sin moverte de casa! Aprovecha nuestras visitas virtuales y videollamadas y podrás ver la vivienda en directo. ¡BIENVENIDO A LA DIFERENCIA! ""Más info en o en el teléfono."
"56","Ref. B166 apartamento en alquiler - zona centro Ref: REF.B166","380","Centro - Puertollano","60","1","1",1,0,0,0,"Amueblado
Cocina equipada","En buen estado","Se alquila coqueto apartamento en la zona centro de Puertollano. Se compone de un dormitorio, baño con bañera, cocina abierta al salón, desde el que se accede a una pequeña terraza. El inmueble dispone de calefacción de gas natural y A/A en el salón, completamente amueblado. Solicite su visita sin compromiso en Casainnova Gestión Inmobiliaria, Calle Ancha,10. Teléf. 926 423 223- Móvil 657 692 599"
"57","Ref. A163 se alquila fabuloso piso moderno Ref: REF.A163","550","El Poblado - Abulagar - Puertollano","100","3","2",1,0,0,0,"Amueblado
Cocina equipada","En buen estado","CASAINNOVA GESTIÓN INMOBILIARIA alquila piso totalmente reformado en zona próxima a Avda 1º de Mayo, rodeado de todos los servicios (supermercados, bancos, comercios, farmacias). La vivienda, que cuenta con las mejores calidades, consta de tres dormitorios amplios con ventilador de techo y camas dobles con canapé, luminoso salón con A/A que dispone de acceso a pequeño balcón exterior, cocina equipada con patio, baño completo con bañera y aseo con plato de ducha. Posibilidad de adquirir cochera cerrada en el mismo edificio por 50 ? más. Mejor ver. Teléfonos: 926 423 223/657 692 599"
"58","Ref. B165 ¡¡ocasión! Se alquila apartamento Ref: REF.B165","400","Centro - Puertollano","65","2","1",1,0,0,0,"Amueblado
Cocina equipada","","CASAINNOVA GESTIÓN INMOBILIARIA alquila fabuloso apartamento céntrico. La vivienda se compone de dos dormitorios, acogedor salón con A/A, cocina equipada y baño completo con bañera. Decorado con mucho encanto. Le atendemos en C/Ancha 10 de Puertollano y a través de los teléfonos 657 692 599/926 423 223."
"59","Ref. B127 apartamento céntrico - calef. Central Ref: REF.B127","400","Centro - Puertollano","75","2","1",0,0,0,1,"Terraza","Amueblado
Cocina equipada","CASAINNOVA GESTIÓN INMOBILIARIA alquila apartamento en calle Ancha, con todos los servicios necesarios a su alcance. La vivienda cuenta con calefacción central incluida en el precio y se distribuye en amplio salón con A/A y pequeña terraza exterior, dos dormitorios espaciosos, cocina independiente con terraza-lavadero y baño completo con ducha. Exterior. Solicite su visita sin compromiso. Le atendemos a través de los teléfonos 926 423 223/657 692 599 o personalmente en nuestra oficina sita en calle Ancha 10"
"60","Alquiler piso amueblado El poblado - abulagar Ref: 2017607","400","El Poblado - Abulagar - Puertollano","100","3","2",0,0,0,1,"Terraza","Amueblado
Cocina equipada
Aire acondicionado","Piso independiente en perfecto estado, en la zona del abulagar, exterior, muy luminoso. 3 dormitorios y 1 baño. La vivienda se encuentra totalmente amueblada y equipada. Cocina independiente del salón, completamente amueblada, con despensa. Balcón exterior acristalado. Terraza superior cubierta de 35 metros. Calefacción individual de gas natural. Aire acondicionado de frio y calor en el salón. Zona de fácil aparcamiento. Si desea más información o consultar otros inmuebles visite nuestra web gestionarealestate. es."
"61","Piso de 4 dormitorios Ref: 2017887","600","Almodovar del Campo","120","4","1",1,0,0,0,"Amueblado
Cocina equipada","","Vivienda de 4 dormitorios y un baño en Almodovar del Campo. GESTIONA REAL ESTATE te ofrece todos los servicios necesarios para que puedas alquilar y vender tu inmueble en el menor tiempo posible, maximizamos tu tiempo y tu rentabilidad EXPERIENCIA real de muchos años, trabajo transparente y serio. La felicidad con nuestros clientes y la excelencia en nuestro trabajo es la garantía de tu éxito. Si podemos AYUDARLE en algo consulte sin compromiso, nos adaptamos a sus necesidades. Sin moverte de casa! Aprovecha nuestras visitas virtuales y videollamadas y podrás ver la vivienda en directo. ¡BIENVENIDO A LA DIFERENCIA! ""Más info en o en el teléfono."
"62","Casa para trabajadores Ref: 2017884","500","El Poblado - Abulagar - Puertollano","80","4","2",1,0,0,0,"Amueblado
Cocina equipada","","CASA PARA TRABAJADORES, en buena zona. La vivienda cuenta con 4 dormitorios, 2 baños, cocina, salón y patio. GESTIONA REAL ESTATE te ofrece todos los servicios necesarios para que puedas alquilar y vender tu inmueble en el menor tiempo posible, maximizamos tu tiempo y tu rentabilidad EXPERIENCIA real de muchos años, trabajo transparente y serio. La felicidad con nuestros clientes y la excelencia en nuestro trabajo es la garantía de tu éxito. Si podemos AYUDARLE en algo consulte sin compromiso, nos adaptamos a sus necesidades. Sin moverte de casa! Aprovecha nuestras visitas virtuales y videollamadas y podrás ver la vivienda en directo. ¡BIENVENIDO A LA DIFERENCIA! ""Más info en o en el teléfono."
"63","Ref. A449 apartamento en alquiler Ref: REF.A449","400","Centro - Puertollano","67","2","1",0,0,0,1,"Terraza","Amueblado
Cocina equipada","Se alquila coqueto apartamento en zona calle Ancha, muy próximo a la estación de AVE y diversos puntos de interés (supermercados, farmacias..). La vivienda se compone de dos dormitorios, salón con terraza, cocina independiente y baño completo con bañera. Le atendemos en CASAINNOVA GESTIÓN INMOBILIARIA, calle Ancha 10 de Puertollano. Teléfonos: 926 423 223/657 692 699"
"64","Alquiler piso ascensor y aire acondicionado Centro Ref: 2017876","500","Centro - Puertollano","100","3","1",0,0,0,1,"Terraza","Amueblado
Cocina equipada
Aire acondicionado","Piso de alquiler en calle Gran capitán, Puertollano. 3 dormitorios 1 baño, ascensor, calefacción Gas Natural, aire en dormitorio principal, salón con balcón exterior y vestidor. GESTIONA REAL ESTATE te ofrece todos los servicios necesarios para que puedas alquilar y vender tu inmueble en el menor tiempo posible, maximizamos tu tiempo y tu rentabilidad EXPERIENCIA real de muchos años, trabajo transparente y serio. La felicidad con nuestros clientes y la excelencia en nuestro trabajo es la garantía de tu éxito. Si podemos AYUDARLE en algo consulte sin compromiso, nos adaptamos a sus necesidades. Sin moverte de casa! Aprovecha nuestras visitas virtuales y videollamadas y podrás ver la vivienda en directo. ¡BIENVENIDO A LA DIFERENCIA! ""Más info en o en el teléfono 926415076."
"65","Ref. A160 apartamento en alquiler Ref: REF.A160","375","El Poblado - Abulagar - Puertollano","60","2","1",0,0,0,1,"Balcón","Amueblado
Cocina equipada
Calefacción","¡¡HA BAJADO EL PRECIO!! Se alquila coqueto apartamento céntrico. La vivienda consta de dos dormitorios, salón con A/A, cocina equipada con terraza lavadero y baño completo con ducha. Recién pintado. CONTACTO: 657 692 599//926 423 223"
"66","Ref. A654 se alquila fabuloso chalet adosado Ref: REF.A654","450","Almodovar del Campo","160","4","1",0,1,0,0,"Parking","Amueblado
Cocina equipada","Se alquila fabuloso chalet en Almodóvar del Campo. La vivienda se distribuye en tres dormitorios, despacho, y baño en primera planta. En planta principal, amplio salón, cocina independiente con lavadero y baño con plato de ducha. El sótano cuenta con chimenea, dos dormitorios y aseo. En el exterior, porche con garaje y dos patios. Amueblado. ¡¡OPORTUNIDAD!! Mejor ver. Teléfonos: 926 423 223/657 692 599"
"67","Ref. A628 se alquila piso amplio - p. San gregorio Ref: REF.A628","425","Centro - Puertollano","120","4","2",0,0,0,1,"Terraza","Amueblado
Cocina equipada","Se alquila piso en pleno centro de Paseo de San Gregorio. La vivienda cuenta con inmejorables vistas y se compone de entrada-recibidor, amplio salón muy luminoso con A/A y terraza exterior, cuatro dormitorios (el principal con A/A), baño completo con bañera, aseo y cocina independiente con terraza-lavadero. Teléfonos: 926 423 223/657 692 599. CASAINNOVA GESTIÓN INMOBILIARIA, calle Ancha 10"
"68","Ref. A475 magnífico apartamento reformado Ref: REF.A475","480","Centro - Puertollano","80","2","1",1,0,0,0,"Amueblado
Cocina equipada","Ascensor
Jardín","Se alquila magnífico apartamento seminuevo en zona Ayuntamiento. El inmueble está recientemente reformado y se distribuye en acogedor salón, dos dormitorios con armarios empotrados (el de matrimonio con acceso a patio), baño completo con bañera y cocina de diseño independiente con patio privativo. A/A en salón y dormitorio principal. Cochera cerrada en el mismo edificio incluida en el precio. Solicite su visita sin compromiso. Le atendemos en CASAINNOVA GESTIÓN INMOBILIARIA, en calle Ancha 10. Teléfonos: 926 423 223/657 692 599"
"69","Ref. B160 apartamento reformado Ref: REF.B160","400","El Poblado - Abulagar - Puertollano","70","2","1",1,0,0,0,"Amueblado
Cocina equipada","En buen estado","¡¡HA BAJADO EL PRECIO!! CASAINNOVA GESTIÓN INMOBILIARIA alquila fabuloso apartamento recién reformado en pleno centro de Puertollano. La vivienda consta de dos dormitorios, amplio salón con A/A, cocina independiente y baño. Mobiliario moderno y nuevo. No lo dude y contacte con nosotros a través de los teléfonos 926 423 223/657 692 599. Le atendemos en calle Ancha 10 de Puertollano"
"70","Piso céntrico amueblado con patio! * Ref: 2017638","375","El Poblado - Abulagar - Puertollano","60","1","1",0,0,0,1,"Terraza","Amueblado
Cocina equipada
Aire acondicionado","Piso de un dormitorio completamente amueblado, cocina con electrodomésticos (horno, placa de vitrocerámica, microondas, nevera.. . ) Salón con aparato de aire acondicionado con bomba de aire frío y calor. Tiene una terraza de 40 metros cuadrados. La vivienda cuenta con ventanas de aluminio climalit con doble acristalamiento, ascensor. Comunidad incluida en el precio. GESTIONA REAL ESTATE te ofrece todos los servicios necesarios para que puedas alquilar y vender tu inmueble en el menor tiempo posible, maximizamos tu tiempo y tu rentabilidad EXPERIENCIA real de muchos años, trabajo transparente y serio. La felicidad con nuestros clientes y la excelencia en nuestro trabajo es la garantía de tu éxito. Si podemos AYUDARLE en algo consulte sin compromiso, nos adaptamos a sus necesidades. Sin moverte de casa! Aprovecha nuestras visitas virtuales y videollamadas y podrás ver la vivienda en directo. ¡BIENVENIDO A LA DIFERENCIA! ""Más info en www.gestionarealestate.es o en el teléfono 926415076."
"71","Ref. A834 apartamento reformado - avda 1º de mayo Ref: REF.A834","400","El Poblado - Abulagar - Puertollano","90","2","1",0,0,0,1,"Terraza","Amueblado
Cocina equipada","CASAINNOVA GESTIÓN INMOBILIARIA alquila magnífico apartamento reformado en zona Avda 1º de Mayo. La vivienda se compone de entrada-recibidor, amplio salón muy luminoso con A/A y terraza exterior, cocina independiente totalmente amueblada, dos dormitorios y baño completo. Mejor ver. Le atendemos en calle Ancha 10 de Puertollano. Teléfonos 926 423 223/657 692 599"
"72","Ref. B149 se alquila piso amplio - con calefacción central Ref: REF.B149","475","El Poblado - Abulagar - Puertollano","100","4","2",0,1,0,0,"Parking","Amueblado
Cocina equipada","CASAINNOVA GESTIÓN INMOBILIARIA ALQUILA fabuloso piso en zona Calle Goya de Puertollano. La vivienda consta de cuatro dormitorios amplios, salón con A/A y balcón exterior, cocina independiente con terraza-lavadero y dos cuartos de baño con bañera. El precio incluye calefacción central y cochera cerrada en el mismo edificio. Teléfonos: 926 423 223/657 692 599"
"73","Ref. B157. Piso alquiler en zona centro de puertollano Ref: B157","400","El Poblado - Abulagar - Puertollano","100","3","1",0,0,0,1,"Terraza","Amueblado
Cocina equipada
Aire acondicionado
Calefacción gasoil","Casainnova Gestión inmobiliaria alquila piso en zona centro. La vivienda está en perfectas condiciones de habitabilidad, consta de tres dormitorios, amplio salón muy luminoso, un baño, cocina totalmente equipada, terraza, calefacción central incluida en el precio y A/A en uno de los dormitorios. No se aceptan mascotas. Le atendemos en C/ Ancha,10. Teléf.926 423 223- Móvil 657 692 599"
"74","Ref. B156 se alquila piso amplio con c/c -zona avda 1ºde may Ref: 91436891","450","El Poblado - Abulagar - Puertollano","110","3","2",1,0,0,0,"Amueblado
Cocina equipada
Calefacción gasoil","En buen estado","Se alquila fabuloso piso en zona Avenida Primero de Mayo, próxima a diversos puntos de interés, Mercadona, centro de salud, bancos. La vivienda consta de amplio salón muy luminoso, tres dormitorios, baño con bañera y un aseo. Cocina equipada con todos los electrodomésticos. Dispone de calefacción central,incluida en el precio.Solicite su visita sin compromiso en Casainnova, C/ Ancha,10 bajo. Teléf. 926 423 223- Móvil 657 692 599"
"75","Ref. B155 se alquila apartamento zona abulagar Ref: REF.B155","350","El Poblado - Abulagar - Puertollano","75","2","1",1,0,0,0,"Amueblado
Cocina equipada","En buen estado","Se alquila coqueto apartamento en zona abulagar. La vivienda se compone de cocina independiente, acogedor salón con A/A, dos dormitorios y amplio baño con plato de ducha. No lo dudes y contacta con nosotros. Le atendemos en CASAINNOVA GESTIÓN INMOBILIARIA, en calle Ancha 10 de Puertollano. Teléfonos: 926 423 223/657 692 599."
"76","Ref. B154 se alquila piso céntrico sin amueblar Ref: REF.B154","500","Centro - Puertollano","110","4","2",0,1,0,1,"Balcón
Parking","Amueblado
Cocina equipada
Calefacción","Se alquila piso SIN AMUEBLAR en zona calle Ancha. La vivienda consta de cuatro dormitorios amplios, baño completo y aseo (ambos con bañera), cocina independiente con pequeño patio, y salón exterior con balcón. Edificio con calefacción central. Posibilidad de cochera cerrada aparte. Solicite su visita sin compromiso. Le atendemos en CASAINNOVA GESTIÓN INMOBILIARIA, en calle Ancha 10 de Puertollano. Teléfonos: 926 423 223/657 692 599."
"77","Ref. B152 se alquila piso moderno con cochera cerrada Ref: REF.B152","450","Ctra De Córdoba - Libertad - Puertollano","100","2","2",1,0,0,0,"Amueblado
Cocina equipada","En buen estado","Se alquila fabuloso piso de última construcción en zona centro. La vivienda consta de tres dormitorios amplios (uno de los cuales con armario empotrado), cocina independiente totalmente equipada con terraza-lavadero, dos baños (bañera y ducha), y espacioso salón con mucha luz. Instalación de A/A por conductos. Cochera cerrada incluida en el precio(capacidad para coche mediano-grande). Mejor ver. Le atendemos en CASAINNOVA GESTIÓN INMOBILIARIA, en calle Ancha 10 o a través de los teléfonos 657 692 599/926 423 223."
"78","Ref. B111 se alquila casa ¡¡ocasión! Ref: REF.B111","400","Villamayor de Calatrava","200","4","2",1,0,0,0,"Amueblado
Cocina equipada
Aire acondicionado","En buen estado","Se alquila magnífica casa de dos plantas en Villamayor de calatrava. La vivienda se distribuye en 4 dormitorios amplios, dos cuartos de baño completos, cocina rústica equipada (horno, lavavajillas, microondas...), y salón espacioso con A/A. Totalmente reformada. Patio y salón campero con chimenea. Mejor ver. Ven a visitarnos a CASAINNOVA GESTIÓN INMOBILIARIA, en c/Ancha 10 de Puertollano, o contacta con nosotros a través de los teléfonos 657 692 599/926 423 223"
"79","ático en alquiler en calle cisneros Ref: 2017826","420","Ctra De Córdoba - Libertad - Puertollano","80","2","1",0,0,0,1,"Terraza","Amueblado
Cocina equipada","Gestiona Real Estate le ofrece la oportunidad de un ático de alquiler en la calle Cisneros, Puertollano. Se trata de un ático de 80 metros cuadrados exterior, muy luminoso. La vivienda cuenta con 2 amplias habitaciones, cocina totalmente equipada con electrodomésticos y 1 baño completo con bañera. Terraza exterior Calefacción de gas natural. Tiene ascensor Muy buena zona. GESTIONA REAL ESTATE te ofrece todos los servicios necesarios para que puedas alquilar y vender tu inmueble en el menor tiempo posible, maximizamos tu tiempo y tu rentabilidad EXPERIENCIA real de muchos años, trabajo transparente y serio. La felicidad con nuestros clientes y la excelencia en nuestro trabajo es la garantía de tu éxito. Si podemos AYUDARLE en algo consulte sin compromiso, nos adaptamos a sus necesidades. Sin moverte de casa! Aprovecha nuestras visitas virtuales y videollamadas y podrás ver la vivienda en directo. ¡BIENVENIDO A LA DIFERENCIA! ""Más info en www.gestionarealestate.es o en el teléfono 926415076."
"80","Ref. A938 se alquila piso con piscina Ref: REF.A938","450","Centro - Puertollano","90","3","2",0,0,0,1,"Terraza","Amueblado
Cocina equipada","Se alquila fabuloso piso en urbanización con piscina en zona céntrica de Puertollano, próxima al Ayuntamiento. La vivienda cuenta con las mejores calidades y se compone de tres dormitorios (el principal con baño propio), cocina independiente con terraza-lavadero, acogedor salón , y baño adicional. Estilo rústico. Mejor ver. CASAINNOVA GESTIÓN INMOBILIARIA, calle Ancha 10 de Puertollano. Teléfonos: 926 423 223/657 692 599"
"81","Piso en alquiler en avenida primero de mayo Ref: 2017807","590","El Poblado - Abulagar - Puertollano","100","4","2",0,0,0,1,"Terraza","Amueblado
Cocina equipada","Gestiona Real Estate le ofrece la oportunidad de piso de alquiler en la Avenida Primero de Mayo, Puertollano Se trata de un piso de 100 metros cuadrados exterior, muy luminoso. La vivienda cuenta con 4 amplias habitaciones, cocina totalmente equipada con electrodomésticos y 2 cuartos de baño completos con plato de ducha. Tiene armarios empotrados y terraza Si desea más información o consultar otros inmuebles, visite nuestra web gestionarealestate. es."
"82","Ref. A583 piso céntrico. Zona hotel tryp Ref: A583","400","Ctra De Córdoba - Libertad - Puertollano","90","3","1",1,0,0,0,"Amueblado
Cocina equipada
Aire acondicionado
Calefacción gas natural","En buen estado","Se alquila piso próximo a Avda 1º de Mayo con todos los servicios a su alcance. La vivienda se distribuye en amplio salón, tres dormitorios, cocina independiente y baño con plato de ducha. A/A. Mejor ver. Tfnos: 657 692 599/ 926 423 223"
"83","Ref. B148 se alquila piso de obra nueva - zona asunción Ref: REF.B148","425","Centro - Puertollano","105","3","2",0,1,0,1,"Terraza
Parking","Amueblado
Cocina equipada","CASAINNOVA GESTIÓN INMOBILIARIA alquila magnífico piso en zona próxima a la iglesia de la Asunción. La vivienda cuenta con las mejores calidades y se distribuye en amplio salón, tres dormitorios (principal con armario empotrado), dos baños con bañera, y cocina equipada con acceso a patio privativo. Posibilidad de alquilar cochera amplia (capacidad para dos coches) en el mismo edificio por 80 ? más. Le atendemos en calle Ancha 10 o a través de los teléfonos 926 423 223/657 692 599"
"84","Ref. A888 ¡¡oportunidad! Se alquila piso económico zona c Ref: REF.A888","325","Centro - Puertollano","70","3","1",1,0,0,0,"Amueblado
Cocina equipada","En buen estado","Se alquila piso en zona próxima a estación de RENFE, con todos los servicios al alcance (supermercados, comercios...). La vivienda se compone de tres dormitorios, acogedor salón, cocina con lavadero y balcón exterior, y baño con plato de ducha. ¡¡ECONÓMICO!! Mejor ver. Le atendemos en CASAINNOVA GESTIÓN INMOBILIARIA, en calle Ancha 10 de Puertollano. Teléfonos 926 423 223/657 692 599."
"85","Ref. B147 fabuloso ático ¡¡ocasión! Ref: REF.B147","400","Centro - Puertollano","80","2","1",0,1,0,1,"Terraza
Parking","Amueblado
Cocina equipada","Se alquila estupendo ático en zona próxima a la calle Ancha. La vivienda cuenta con las mejores calidades y se compone de dos dormitorios con armarios empotrados, cocina independiente con terraza-lavadero, amplio salón con mucha luz y terraza de 15 m2. A/A en salón y dormitorio principal. Plaza de garaje incluida en el precio. Mejor ver. Solicite su visita sin compromiso. Le atendemos en CASAINNOVA GESTIÓN INMOBILIARIA, calle Ancha 10 de Puertollano. Teléfonos: 926 423 223/657 692 599."
"86","Ref. A785 se alquila piso céntrico con calef. Central Ref: REF.A785","350","El Poblado - Abulagar - Puertollano","90","3","1",0,0,0,1,"Balcón","Amueblado
Cocina equipada","Se alquila piso en el edificio Tauro, con todos los servicios a su alcance (farmacias, colegios, bancos, restaurantes....). La vivienda cuenta de tres dormitorios, amplio salón con balcón exterior, baño completo con bañera, cocina independiente con terraza-lavadero. Calefacción central incluida en el precio. CASAINNOVA GESTIÓN INMOBILIARIA, en calle Ancha 10 de Puertollano. Teléfonos: 926 423 223/657 692 599"
"87","Ref. B145 se alquila piso moderno en zona salesianos Ref: REF.B145","400","El Poblado - Abulagar - Puertollano","80","3","2",1,0,0,0,"Amueblado
Cocina equipada","En buen estado","Se alquila fabuloso piso en edificio de última construcción en zona próxima a los Salesianos. La vivienda se encuentra en perfecto estado y se distribuye en entrada-recibidor, tres dormitorios, baño y aseo, cocina independiente totalmente equipada, y amplio salón con A/A. No lo dude, y consulte en CASAINNOVA GESTIÓN INMOBILIARIA, en calle Ancha 10 de Puertollano. Teléfonos: 926 423 223/657 692 599"
"88","Ref. A913 se alquila piso amplio - zona céntrica Ref: REF.A913","325","Centro - Puertollano","90","3","1",0,0,0,1,"Terraza","Amueblado
Cocina equipada
Calefacción","Se alquila piso amueblado, con 3 dormitorios amplios, 1 cuarto de baño, salón, exterior-luminoso, cocina equipada con terraza-lavadero, calefacción individual, edificio con ascensor. CONTACTO: *657*692*599* // *926*423*223*."
"89","Ref. B141 coqueto apartamento - zona 600 Ref: REF.B141","300","Pau 2 - 600 - Puertollano","65","2","1",1,0,0,0,"Amueblado
Cocina equipada
Aire acondicionado
Calefacción","En buen estado","Se alquila coqueto apartamento en zona tranquila de las 600. La vivienda se compone de acogedor salón con A/A, dos dormitorios (uno de ellos con altillo), baño con bañera y cocina independiente. En muy buen estado. Mejor ver. Solicite su visita sin compromiso. Le atendemos en CASAINNOVA GESTIÓN INMOBILIARIA, en calle Ancha 10 de Puertollano. Teléfonos: 926 423 223/657 692 599."
"90","Alquiler piso amueblado ascensor Centro Ref: 2017661","430","Centro - Puertollano","75","2","1",0,0,0,1,"Terraza","Amueblado
Cocina equipada
Aire acondicionado","ALQUILER EN EL CENTRO DE PUERTOLLANO. COMUNIDAD Y CALEFACCIÓN INCLUIDA EN EL PRECIO* Características: - Contamos con todas las comodidades posibles de 2 habitaciones y 1 baño, perfecto para una familia. - Cálido comedor que te proporcionará el relax diario, creando un precioso y único espacio. - Ascensor. - Con una adecuada cocina en buen estado, equipada con lo necesario para el día a día. - Calefacción. - Amueblado. - Puerta de entrada de seguridad. - Con fácil acceso y servicios que facilitarán y mejorarán tu día a día. - Cercano a la estación de ave, comisaría, supermercados, farmacias, bares, restaurantes, tiendas, gimnasios.. . etc. No lo dude y visite sin ningún compromiso."
"91","Piso en calle ancha 4 dormitorios y 2 baños Ref: 2017181","600","Centro - Puertollano","110","4","2",1,0,0,0,"Amueblado
Cocina equipada
Aire acondicionado","Ascensor","PISO EN CALLE ANCHA 4 DORMITORIOS Y 2 BAÑOS Piso amueblado en una de las principales calles de Puertollano, muy céntrico. La vivienda cuenta con una superficie construida de unos 110 metros cuadrados distribuidos en cuatro dormitorios, dos baños, cocina completamente amueblada y amplio salón con balcón exterior. La vivienda cuenta con calefacción individual de gas natural, aire acondicionado de frío y calor en el salón. Edificio con ascensor. GESTIONA REAL ESTATE te ofrece todos los servicios necesarios para que puedas alquilar y vender tu inmueble en el menor tiempo posible, maximizamos tu tiempo y tu rentabilidad EXPERIENCIA real de muchos años, trabajo transparente y serio. La felicidad con nuestros clientes y la excelencia en nuestro trabajo es la garantía de tu éxito. Si podemos AYUDARLE en algo consulte sin compromiso, nos adaptamos a sus necesidades. Sin moverte de casa! Aprovecha nuestras visitas virtuales y videollamadas y podrás ver la vivienda en directo. ¡BIENVENIDO A LA DIFERENCIA! ""Más info en www.gestionarealestate.es o en el teléfono 926415076."
"92","Ref. A775 piso zona salesianos Ref: REF.A775","400","El Poblado - Abulagar - Puertollano","120","4","2",0,0,0,1,"Balcón","Amueblado
Cocina equipada","ZONA SALESIANOS. Se alquila con calefacción central incluida en el alquiler, totalmente amueblada, equipada y acondicionada, dispone de 4 dormitorios (1 de ellos con 2 camas), amplio salón con terraza exterior, cocina totalmente equipada con neveras, microondas, horno. . , con terraza-lavadero, aire acondicionado, 2 cuartos de baño, con todo tipo de servicios cerca ( supermercados, bancos, tiendas, zona de fácil aparcamiento,. . . ). Mejor ver. Consúltenos precio y condiciones sin compromiso. 3ª Planta. Amueblado. Terraza. Calefacción. CONTACTO: *657*692*599* // *926*423*223*."
"93","Ref. B122 se alquila coqueto piso muy luminoso Ref: REF.B122","400","Centro - Puertollano","90","2","1",0,0,0,1,"Terraza","Amueblado
Cocina equipada","Se alquila excelente piso en pleno centro de Puertollano, con fabulosas vistas. La vivienda se compone en amplio salón con terraza exterior y mueble-barra bar, dos dormitorios, sala de estar, baño con jacuzzi, cocina independiente totalmente equipada y terraza-lavadero. También cuenta con un vestidor amplio. Muy luminoso. Mejor ver. Le atendemos a través de los teléfonos 657 692 599/926 423 223 o en nuestra oficina CASAINNOVA GESTIÓN INMOBILIARIA, en Calle Ancha nº10."
"94","Ref. B134 apartamento céntrico Ref: REF.B134","400","Centro - Puertollano","75","2","1",1,0,0,0,"Amueblado
Cocina equipada
Calefacción","En buen estado","Se alquila fabuloso apartamento prácticamente nuevo en zona próxima a calle Ancha. La vivienda consta de dos dormitorios (el principal cuenta con armario empotrado), cocina independiente equipada, baño completo con bañera, y amplio salón con mucha luz. Solicite su visita sin compromiso. Le atendemos en CASAINNOVA GESTIÓN INMOBILIARIA, en calle Ancha nº10, y a través de los teléfonos 926 423 223/657 692 599."
"95","Piso amueblado con patio Ref: 2017292","415","Centro - Puertollano","68","2","1",1,0,0,0,"Amueblado
Cocina equipada
Aire acondicionado","Ascensor","Piso amueblado en pleno centro de Puertollano. La vivienda consta de dos dormitorios uno de ellos con cama de matrimonio con acceso a un patio privativo de unos 8 metros cuadrados y otro con cama individual grande, cocina independiente y amplio salón. El inmueble cuenta con calefacción individual de gas natural, aire acondicionado de frío y calor en el salón, ventanas de aluminio climalit con doble acristalamiento, suelo de tarima, edificio con ascensor. Comunidad incluida en el precio. Para más información no dude en concertar una visita."
"96","Piso céntrico en puertollano con posibilidad de garaje aparte en el mismo edificio Ref: 2017406","400","Centro - Puertollano","71","2","1",1,0,0,0,"Amueblado
Cocina equipada","Ascensor","PISO CÉNTRICO CON POSIBILIDAD DE GARAJE APARTE EN EL MISMO EDIFICIO Se alquila piso amueblado de dos dormitorios con armario empotrado en el dormitorio principal, baño, cocina equipada con electrodomésticos incluido lavavajillas, y amplio salón. La vivienda dispone de calefacción individual de gas natural, aire acondicionado en el salón, armario empotrado, ventanas de aluminio climalit y suelos de gres. Edificio con ascensor. El precio incluye la comunidad y existe la posibilidad de alquilar aparte plaza de garaje en el mismo edificio. Llame, pregunte y visite sin ningún tipo de compromiso"
"97","Ref. B133 piso amplio con plaza de garaje Ref: REF.B133","450","El Poblado - Abulagar - Puertollano","100","3","2",0,1,0,1,"Terraza
Parking","Amueblado
Cocina equipada","Se alquila piso céntrico, próximo a todos los servicios (farmacias, supermercados, colegios, plazas). La vivienda cuenta con acogedor salón con terraza exterior, tres dormitorios amplios, sala de estar, cocina independiente con terraza lavadero y dos cuartos de baño. Plaza de garaje en el mismo edificio incluida en el precio.Solicite su visita sin compromiso. Le atendemos en CASAINNOVA GESTIÓN INMOBILIARIA, en calle Ancha 10 de Puertollano, o a través de los teléfonos 926 423 223/657 692 599."
"98","Se alquila magnífica casa con patio Ref: 86162145","400","Argamasilla de Calatrava","100","3","2",1,0,0,0,"Amueblado
Cocina equipada","En buen estado","Calle Almodóvar. Se alquila coqueta casa de dos plantas en pleno centro de Argamasilla de calatrava. La vivienda está completamente reformada, con mucho encanto, y se distribuye en amplio salón, cocina, baño con plato de ducha, y patio en planta baja; en la planta superior cuenta con tres dormitorios y un aseo. Suelos de gres rústico, entrada con techo de madera, excelentes calidades. ¡¡OPORTUNIDAD!! Si estás pensando en adquirir la vivienda con la que siempre has soñado, este es tu momento. No lo dude y contacte con nosotros a través de los teléfonos 923 423 223/657 692 599."
"99","Ref. A983 piso reformado. Ref: REF.A983","400","El Poblado - Abulagar - Puertollano","80","2","2",0,0,0,1,"Terraza","Amueblado
Cocina equipada
Calefacción","Se alquila piso reformado en zona Avenida 1º de Mayo, con todos los servicios al alcance (supermercados, farmacias, comercios..). La vivienda cuenta con un estilo moderno y se distribuye en entrada-recibidor con armario empotrado, aseo, cocina independiente equipada, amplio salón con terraza exterior, cuarto de baño y dos dormitorios, uno de ellos con armario empotrado. Solicite su visita sin compromiso. Le atendemos en CASAINNOVA GESTIÓN INMOBILIARIA, en calle Ancha nº10 o a través de los teléfonos 926 423 223/657 692 599."
"100","Ref. A882 coqueto apartamento Ref: REF.A882","325","El Poblado - Abulagar - Puertollano","77","2","1",1,0,0,0,"Amueblado
Cocina equipada","En buen estado","Se alquila vivienda moderna, amueblada y equipada, distribuida con un amplio salón, 1 cuarto de baño con bañera, cocina equipada, 2 dormitorios grandes, calefacción gas natural individual, aire acondicionado en salón, edificio con ascensor. Incluye trastero en el mismo bloque. Vivienda exterior por lo que es muy luminosa, Cerca de todo tipo de servicios, a 2 min. del Paseo San Gregorio . Oportunidad!! También disponible en venta. Casainnova Gestion Inmobiliaria. C/ Ancha 10,bajo-local. CONTACTO:*657*692*599* // *926*423*223*."
"101","Ref. B130 piso zona centro Ref: REF.B130","400","Centro - Puertollano","120","3","2",0,0,0,1,"Terraza","Amueblado
Cocina equipada
Calefacción","Se alquila maravilloso piso en zona céntrica de Puertollano, con todos los servicios al alcance. La vivienda cuenta con gran amplitud y se distribuye en 3 dormitorios, salón, sala de estar, cocina independiente de gas con terraza-lavadero, baño, aseo y terraza. Calefacción central incluida en el precio. Exterior. Mejor ver sin compromiso. Le atendemos en CASAINNOVA GESTIóN INMOBILIARIA, en calle Ancha nº10 o a través de los teléfonos 926 423 223/657 692 599."
"102","Ref. B128 piso reformado Ref: REF.B128","400","Centro - Puertollano","105","3","1",0,0,1,1,"Balcón
Trastero","Amueblado
Cocina equipada
Aire acondicionado
Calefacción","¡¡ HA BAJADO EL PRECIO!! Se alquila fabuloso piso recién reformado en zona céntrica de Puertollano, con todos los servicios a su alcance. La vivienda consta de tres dormitorios, amplio salón con A/A y con terraza exterior, baño completo con plato de ducha, cocina independiente totalmente equipada. Muy luminoso. Solicita tu visita sin compromiso. Le atendemos en CASAINNOVA GESTIÓN INMOBILIARIA, en Calle Ancha nº10 (Bajo) o a través de los teléfonos 926 423 223/657 692 599."
"103","Ref. B125 magnífico apartamento Ref: REF. B125","400","Centro - Puertollano","90","2","2",0,0,0,1,"Terraza","Amueblado
Cocina equipada","Se alquila coqueto apartamento en pleno centro de Puertollano. El inmueble está decorado con mucho encanto y cuenta con las mejores calidades; Se distribuye en acogedora entrada, amplio salón con mucha luz, dos dormitorios con armarios empotrados (dormitorio principal con aseo propio, con plato de ducha), cuarto de baño con bañera y cocina independiente equipada. ¡¡OPORTUNIDAD!! No dude en contactar con nosotros a través de los teléfonos 926 423 223/657 692 599 o le atendemos personalmente en nuestra oficina CASAINNOVA GESTIÓN INMOBILIARIA,en calle ancha nº10"
"104","Ref. A225 piso con calef. Central zona c. Ancha Ref: REF.A225","400","Centro - Puertollano","90","0","1",0,0,0,0,"En buen estado","2a planta de 4 plantas
Ascensor
Jardín","Se alquila piso en zona calle Ancha de Puertollano. El inmueble cuenta con tres dormitorios, cocina independiente con terraza-lavadero, aseo, baño completo con bañera, salita, y salón- comedor. Calefacción central incluida en el precio. Contacte con nosotros, sin compromiso, a través de los teléfonos (teléfono oculto) / (teléfono oculto) o en nuestra oficina CASAINNOVA GESTIÓN INMOBILIARIA, en calle Ancha nº10 #ref:REF.A225"
"105","Piso en alquiler en zona tranquila Ref: 2017391","450","Ctra De Córdoba - Libertad - Puertollano","82","3","1",1,0,0,0,"Amueblado
Cocina equipada
Aire acondicionado","Ascensor","Piso en alquiler en zona tranquila Se alquila piso amueblado de tres dormitorios, baño, cocina con lavadero y salón con terraza de unos 6 metros cuadrados. La vivienda cuenta con calefacción eléctrica, aparato de aire acondicionado con bomba de aire frío y calor en salón y en dos dormitorios, armario empotrado en el pasillo, suelo de gres.. . Edificio con ascensor. Comunidad incluida en el precio. Para más información no lo dude llámenos y visite."
"106","Ref. B119 piso céntrico Ref: REF.B119","350","El Poblado - Abulagar - Puertollano","90","3","1",1,0,0,0,"Amueblado
Cocina equipada
Calefacción","En buen estado","Se alquila piso en zona céntrica de Puertollano, próxima a todos los servicios y puntos de interés (bancos, colegios, supermercados, plazas...) La vivienda consta de cocina independiente con terraza lavadero, baño, tres dormitorios y salón con A/A. Calefacción central incluida en el precio. Mejor ver. Contacta con nosotros a través de los teléfonos 926 423 223/657 692 599 o le atendemos personalmente en nuestra oficina CASAINNOVA GESTIÓN INMOBILIARIA, en calle Ancha nº10 de Puertollano"
"107","Ref. B114 zona centro Ref: REF. B114","400","Centro - Puertollano","90","3","1",0,0,0,1,"Terraza","Amueblado
Cocina equipada","Se alquila piso en zona céntrica, con todos los servicios al alcance. La vivienda se distribuye en cocina con lavadero, tres dormitorios, baño completo, salón y terraza exterior cubierta. Parcialmente reformado. Calefacción central incluida en el precio. Ver sin compromiso. Le atendemos en CASAINNOVA GESTIÓN INMOBILIARIA, en calle Ancha nº10 o a través de los teléfonos 926 423 223/657 692 599.)"
"108","Ref. B113 piso reformado. Ref: REF. B113","400","Ctra De Córdoba - Libertad - Puertollano","90","3","1",0,0,0,1,"Terraza","Amueblado
Cocina equipada","Se alquila excelente piso totalmente reformado en zona Avenida 1º de Mayo. El inmueble cuenta con tres dormitorios, cocina equipada con lavadero, baño con cabina de ducha-hidromasaje, espacioso salón con terraza exterior y A/A y patio comunitario. Suelos de tarima, puertas de roble. El estilo moderno que muchos buscan en una vivienda. No lo dudes y ponte en contacto con nostotros a través de los teléfonos 926 423 223/657 692 599 o ven a visitarnos en CASAINNOVA GESTIÓN INMOBILIARIA,estamos en calle Ancha nº10 de Puertollano"
"109","Alquiler piso amueblado Centro Ref: 2017282","475","Centro - CENTRO - Puertollano","112","3","2",1,0,0,0,"Amueblado
Cocina equipada [+]
Aire acondicionado
Lavadora
Puerta blindada
Estufa
Ventilador
Televisión","","Inmejorable zona y vistaspiso en Paseo san Gregorio, con una superficie construida de unos 112 metros cuadrados distribuidos en tres dormitorios con armarios empotrados, dos baños, cocina equipada y amplio salón con terraza que tienes vistas al Paseo san Gregorio. La vivienda cuenta mucha luz natural debido a su situación. Dispone de calefacción individual de gas natural, terraza, edificio con ascensor. Comunidad incluida en el precio. Posibilidad aparte de alquilar plaza de garaje en el mismo edificio por 50 ? más al mes."
"110","Se alquila piso amueblado con calefacción central y garaje Ref: A984","450","Centro - Puertollano","111","3","2",0,1,0,1,"Balcón
Parking","Amueblado
Cocina equipada
Calefacción gasoil","Se alquila piso amueblado con calefacciÓn central y plaza garaje ZONA CENTRO - C / ANCHA. Se alquila piso amueblado y equipado con calefacción central y plaza de garaje incluida en el precio del alquiler, situada en pleno centro de Puertollano, calle ancha junto a todos los servicios a su alcance, a 2 min. de estación de tren-ave, se compone de cocina independiente equipada, amplio salón con balcón exterior, 3 dormitorios, 1 cuarto de baño con plato de ducha y aseo, edificio con ascensor, plaza de garaje. Solicita tu visita sin compromiso. Casainnova Gestion Inmobiliaria. C/ Ancha 10, bajo-local."
"111","Ref. A743 piso amueblado zona av. Primero de mayo Ref: REF.A743","400","El Poblado - Abulagar - Puertollano","75","2","1",1,0,0,0,"Amueblado
Cocina equipada","Ascensor","ZONA AV. PRIMERO DE MAYO. Se alquila piso con calefacción incluida - zona av. primero de mayo. se alquila vivienda con calefacción central incluida en el precio del alquiler, se compone de 2 dormitorios, armario empotrados, 1 cuarto de baño con bañera, cocina equipada, terraza-lavadero, amplio salón con balcón exterior, edificio con ascensor. zona tranquila pero céntrica a la vez, proxima a la avenida primero de mayo, junto a todos los servicios. luminosa. solicita tu visita sin compromiso. casainnova gestion inmobiliaria. c/ ancha, nº 10, bajo-local. 3ª planta. ascensor. amueblado. terraza. calefacción. 3ª Planta. Ascensor. Amueblado. Terraza. Calefacción."
"112","Alquiler piso obra nueva amueblado Ref: 94273021","380","Alcazar de San Juan","50","1","1",0,1,0,1,"Balcón
Parking","Amueblado
Cocina equipada
Calefacción","Apartamento muy coqueto, todo a estreno, luminoso y acogedor, entre el centro y zona nueva. a 4 minutos del hospital y muy cerca de institutos. El precio incluye internet y agua. No se admiten mascotas ni fumadores. Mejor ver."
"113","Alquiler piso amueblado El poblado - abulagar Ref: 93641271","700","El Poblado - Abulagar - Puertollano","130","4","2",0,1,0,1,"Balcón
Terraza
Parking","Amueblado
Cocina equipada
Calefacción","Se alquila piso super amplio en el paseo San Gregorio de Puertollano. El piso que tienen 4 dormitorios y 2 baños, esta en perfectas condiciones para entrar a vivir. Es una oportunidad única, ya que apenas hay pisos en alquiler en la zona. Tanto la calefacción, como el agua sanitaria, como la cocina y el aire acondicionado funcionan con electricidad. Precio negociable."
"114","Alquiler piso piscina y ascensor Larache Ref: 93565605","500","Larache - Ciudad Real","80","2","1",0,1,0,0,"Parking","Amueblado
Cocina equipada
Calefacción","HOSPITAL GRAL. MAGNIFICO. Alquilo apartamento SIN AMUEBLAR con garaje OPCIONAL en residencial privado con excepcionales zonas comunes. A estrenar. 2 dormitorios, Salon, 1 baño completo, cocina completa con electrodomésticos incluido lavavajillas, terraza-lavadero, calefacción individual, aire acondicionado portátil, videoportero, domótica, tarima y puertas de roble renovadas ambas en 2012., puerta de seguridad, lluminación ya instalada en todas las estancias, 2 pistas padel, 2 piscinas, adultos y niños, pista deportiva, jardines en magnifico estado. Imprescindible visitarlo sin compromiso. CLOSE TO HOSPITAL. NEW. UNFURNISHED EXCEPT KITCHEN. 2 BEDROOMS. I SPEAK ENGLISH. PRÈS DE L'HÔPITAL. NOUVEAU. VIDE SAUF CUISINE EQUIPÉE. 2 CHAMBRES. JE PARLE FRANÇAIS."
"115","Alquiler piso ascensor Centro - el pilar Ref: 92188921","500","Centro - El Pilar - Ciudad Real","78","3","2",0,1,0,0,"Parking","Amueblado
Cocina equipada
Calefacción","Piso céntrico y bien comunicado. El suelo de la vivienda es de tarima y cuenta con un patio interior."
"116","Alquiler piso ascensor El poblado - abulagar Ref: PUERTOLLANO20","450","El Poblado - Abulagar - Puertollano","90","4","2",0,1,0,1,"Balcón
Terraza
Parking","Amueblado
Cocina equipada
Aire acondicionado
Calefacción","Zona centro, en buen estado, amueblado, piso para compartir, gastos de comunidad incluido, y la calefacción también esta incluida."
"117","Alquiler piso amueblado terraza Ref: 91060375","350","Santa Cruz de Mudela","130","3","1",0,1,0,1,"Balcón
Terraza
Parking","Amueblado
Cocina equipada
Calefacción","Fabuloso piso en Santa Cruz de Mudela, consistente en 3 habitaciones, salita, salon principal, cocina totalmente equipada, y cuarto de baño completo . Totalmente amueblado, listo para entrar a vivir. Dispone de calefacción y aire acondicionado frio/calor.- Precio 350.00 ?/mes, con posibilidad de garaje opcional por 50.00 ? .-"
"118","Alquiler piso ascensor Centro - el pilar Ref: 90982933","800","Centro - El Pilar - Ciudad Real","100","4","1",0,1,0,0,"Parking","Amueblado
Cocina equipada
Calefacción","Se alquila piso a estuidiantes totalmente reformado. Ascensor. Amueblado. Calefacción. 4 habitaciones 4-5 camas con sus mesas de estudios, Salon, Cuarto de baño y Cuarto de aseo a 3 calles muy luminoso 2 terrazas a 5 minutos de Plaza del Pilar, Plaza Mayor, Universidad, Ave, Estacion de Autobuses, Bancos, Supermercados, linea de autobuses, muy confortable."
"119","Alquiler piso ascensor Larache Ref: 90916081","380","Larache - Ciudad Real","60","1","1",0,1,0,0,"Parking","Amueblado
Cocina equipada
Calefacción","piso bajo da ha un patio de 600 metros con mucha luz a 150 metros del hospital, con piscina y zona de juegos"
"120","Alquiler piso amueblado piscina Larache Ref: 100397","800","Larache - Ciudad Real","216","4","1",0,0,0,1,"Terraza","Amueblado
Cocina equipada","Ático Dúplex exterior con una superficie construida de 216 m² y una superficie útil de 198 m². Consta de: Comedor, cocina, 4 habitaciones, 3 baños, 2 terrazas una de ellas destinada a lavadero, amueblado, 5 armarios empotrados, calefacción de gas natural individual, suelos de tarima flotante, carpintería interior de roble, carpintería exterior lacadas, puerta blindada, portero automático, ascensor, plaza de garaje, jardín y piscina comunitarios. Los Gastos comunes están incluidos en el precio."
"121","Alquiler piso aire acondicionado Centro Ref: 2017089","400","Centro - Puertollano","85","2","1",0,0,0,1,"Terraza","Amueblado
Cocina equipada
Aire acondicionado","Piso con calefacción central y comunidad incluida en el precio. Se alquila piso en pleno centro del municipio, con una superficie construida de unos 85 metros cuadrados distribuidos en dos dormitorios, dos baños, cocina independiente con muebles nuevos, y amplio salón. La vivienda se encuentra completamente amueblada y recién pintada. Edificio con ascensor. El precio incluye tanto la comunidad como la calefacción ya que es centralizada. No lo dude y visite. GESTIONA REAL ESTATE te ofrece todos los servicios necesarios para que puedas alquilar y vender tu inmueble en el menor tiempo posible, maximizamos tu tiempo y tu rentabilidad EXPERIENCIA real de muchos años, trabajo transparente y serio. La felicidad con nuestros clientes y la excelencia en nuestro trabajo es la garantía de tu éxito. Si podemos AYUDARLE en algo consulte sin compromiso, nos adaptamos a sus necesidades. Sin moverte de casa! Aprovecha nuestras visitas virtuales y videollamadas y podrás ver la vivienda en directo. ¡BIENVENIDO A LA DIFERENCIA! ""Más info en www.gestionarealestate.es o en el teléfono 926415076."
"122","Calefacción y comunidad incluida en el precio! Ref: 2017914","450","Ctra De Córdoba - Libertad - Puertollano","90","3","1",0,0,0,1,"Terraza","Amueblado
Cocina equipada
Aire acondicionado","Este piso en Puertollano es ideal para quienes buscan un hogar cómodo y bien ubicado. Los tres dormitorios cuentan con espacio de almacenamiento y son amplios y luminosos. El baño está equipado con todas las comodidades necesarias para el día a día. La cocina está completamente equipada con electrodomésticos. El amplio salón es el espacio perfecto para relajarse o entretener a los invitados. Además, la terraza ofrece un lugar tranquilo para disfrutar del aire libre. La calefacción centralizada garantiza una temperatura agradable en todo momento, mientras que la comunidad incluida en el precio cubre los gastos de mantenimiento del edificio. En resumen, este piso es una excelente opción para aquellos que buscan comodidad, calidad y ubicaciónenPuertollano. GESTIONA REAL ESTATE te ofrece todos los servicios necesarios para que puedas alquilar y vender tu inmueble en el menor tiempo posible, maximizamos tu tiempo y tu rentabilidad EXPERIENCIA real de muchos años, trabajo transparente y serio. La felicidad con nuestros clientes y la excelencia en nuestro trabajo es la garantía de tu éxito. Si podemos AYUDARLE en algo consulte sin compromiso, nos adaptamos a sus necesidades. Sin moverte de casa! Aprovecha nuestras visitas virtuales y videollamadas y podrás ver la vivienda en directo. ¡BIENVENIDO A LA DIFERENCIA! ""Más info en www.gestionarealestate.es o en el teléfono 926415076."
"123","Alquiler ático trastero El poblado - abulagar Ref: MS33","400","El Poblado - Abulagar - Puertollano","90","3","2",0,1,1,1,"Terraza
Parking
Trastero","Amueblado
Cocina equipada
Aire acondicionado
Calefacción","Ático de 90 metros más 24 de terraza. Calefacción individual de gasóleo, con instalación preparada para enganche a gas natural. Bomba de frío/calor en el salón. Amueblado. Cocina equipada. Armarios empotrados. Trastero en la terraza. A 5 minutos de colegios, farmacias, parada de bus, ambulatorio, supermercados, mercado central, centro ciudad."
